id,context,question,references,predictions
56beb4343aeaaa14008c925b,"The Panthers defense gave up just 308 points, ranking sixth in the league, while also leading the NFL in interceptions with 24 and boasting four Pro Bowl selections. Pro Bowl defensive tackle Kawann Short led the team in sacks with 11, while also forcing three fumbles and recovering two. Fellow lineman Mario Addison added 6½ sacks. The Panthers line also featured veteran defensive end Jared Allen, a 5-time pro bowler who was the NFL's active career sack leader with 136, along with defensive end Kony Ealy, who had 5 sacks in just 9 starts. Behind them, two of the Panthers three starting linebackers were also selected to play in the Pro Bowl: Thomas Davis and Luke Kuechly. Davis compiled 5½ sacks, four forced fumbles, and four interceptions, while Kuechly led the team in tackles (118) forced two fumbles, and intercepted four passes of his own. Carolina's secondary featured Pro Bowl safety Kurt Coleman, who led the team with a career high seven interceptions, while also racking up 88 tackles and Pro Bowl cornerback Josh Norman, who developed into a shutdown corner during the season and had four interceptions, two of which were returned for touchdowns.",How many points did the Panthers defense surrender?,308,The Panthers defense gave up just 308 points.
56beb4343aeaaa14008c925c,"The Panthers defense gave up just 308 points, ranking sixth in the league, while also leading the NFL in interceptions with 24 and boasting four Pro Bowl selections. Pro Bowl defensive tackle Kawann Short led the team in sacks with 11, while also forcing three fumbles and recovering two. Fellow lineman Mario Addison added 6½ sacks. The Panthers line also featured veteran defensive end Jared Allen, a 5-time pro bowler who was the NFL's active career sack leader with 136, along with defensive end Kony Ealy, who had 5 sacks in just 9 starts. Behind them, two of the Panthers three starting linebackers were also selected to play in the Pro Bowl: Thomas Davis and Luke Kuechly. Davis compiled 5½ sacks, four forced fumbles, and four interceptions, while Kuechly led the team in tackles (118) forced two fumbles, and intercepted four passes of his own. Carolina's secondary featured Pro Bowl safety Kurt Coleman, who led the team with a career high seven interceptions, while also racking up 88 tackles and Pro Bowl cornerback Josh Norman, who developed into a shutdown corner during the season and had four interceptions, two of which were returned for touchdowns.",How many career sacks did Jared Allen have?,136,Jared Allen had 136 career sacks.
56beb4343aeaaa14008c925d,"The Panthers defense gave up just 308 points, ranking sixth in the league, while also leading the NFL in interceptions with 24 and boasting four Pro Bowl selections. Pro Bowl defensive tackle Kawann Short led the team in sacks with 11, while also forcing three fumbles and recovering two. Fellow lineman Mario Addison added 6½ sacks. The Panthers line also featured veteran defensive end Jared Allen, a 5-time pro bowler who was the NFL's active career sack leader with 136, along with defensive end Kony Ealy, who had 5 sacks in just 9 starts. Behind them, two of the Panthers three starting linebackers were also selected to play in the Pro Bowl: Thomas Davis and Luke Kuechly. Davis compiled 5½ sacks, four forced fumbles, and four interceptions, while Kuechly led the team in tackles (118) forced two fumbles, and intercepted four passes of his own. Carolina's secondary featured Pro Bowl safety Kurt Coleman, who led the team with a career high seven interceptions, while also racking up 88 tackles and Pro Bowl cornerback Josh Norman, who developed into a shutdown corner during the season and had four interceptions, two of which were returned for touchdowns.",How many tackles did Luke Kuechly register?,118,Luke Kuechly registered 118 tackles.
56beb4343aeaaa14008c925e,"The Panthers defense gave up just 308 points, ranking sixth in the league, while also leading the NFL in interceptions with 24 and boasting four Pro Bowl selections. Pro Bowl defensive tackle Kawann Short led the team in sacks with 11, while also forcing three fumbles and recovering two. Fellow lineman Mario Addison added 6½ sacks. The Panthers line also featured veteran defensive end Jared Allen, a 5-time pro bowler who was the NFL's active career sack leader with 136, along with defensive end Kony Ealy, who had 5 sacks in just 9 starts. Behind them, two of the Panthers three starting linebackers were also selected to play in the Pro Bowl: Thomas Davis and Luke Kuechly. Davis compiled 5½ sacks, four forced fumbles, and four interceptions, while Kuechly led the team in tackles (118) forced two fumbles, and intercepted four passes of his own. Carolina's secondary featured Pro Bowl safety Kurt Coleman, who led the team with a career high seven interceptions, while also racking up 88 tackles and Pro Bowl cornerback Josh Norman, who developed into a shutdown corner during the season and had four interceptions, two of which were returned for touchdowns.",How many balls did Josh Norman intercept?,four,Josh Norman intercepted four balls.
56beb4343aeaaa14008c925f,"The Panthers defense gave up just 308 points, ranking sixth in the league, while also leading the NFL in interceptions with 24 and boasting four Pro Bowl selections. Pro Bowl defensive tackle Kawann Short led the team in sacks with 11, while also forcing three fumbles and recovering two. Fellow lineman Mario Addison added 6½ sacks. The Panthers line also featured veteran defensive end Jared Allen, a 5-time pro bowler who was the NFL's active career sack leader with 136, along with defensive end Kony Ealy, who had 5 sacks in just 9 starts. Behind them, two of the Panthers three starting linebackers were also selected to play in the Pro Bowl: Thomas Davis and Luke Kuechly. Davis compiled 5½ sacks, four forced fumbles, and four interceptions, while Kuechly led the team in tackles (118) forced two fumbles, and intercepted four passes of his own. Carolina's secondary featured Pro Bowl safety Kurt Coleman, who led the team with a career high seven interceptions, while also racking up 88 tackles and Pro Bowl cornerback Josh Norman, who developed into a shutdown corner during the season and had four interceptions, two of which were returned for touchdowns.",Who registered the most sacks on the team this season?,Kawann Short,Kawann Short registered the most sacks on the team this season with 11 sacks.
56d6f3500d65d21400198290,"The Panthers defense gave up just 308 points, ranking sixth in the league, while also leading the NFL in interceptions with 24 and boasting four Pro Bowl selections. Pro Bowl defensive tackle Kawann Short led the team in sacks with 11, while also forcing three fumbles and recovering two. Fellow lineman Mario Addison added 6½ sacks. The Panthers line also featured veteran defensive end Jared Allen, a 5-time pro bowler who was the NFL's active career sack leader with 136, along with defensive end Kony Ealy, who had 5 sacks in just 9 starts. Behind them, two of the Panthers three starting linebackers were also selected to play in the Pro Bowl: Thomas Davis and Luke Kuechly. Davis compiled 5½ sacks, four forced fumbles, and four interceptions, while Kuechly led the team in tackles (118) forced two fumbles, and intercepted four passes of his own. Carolina's secondary featured Pro Bowl safety Kurt Coleman, who led the team with a career high seven interceptions, while also racking up 88 tackles and Pro Bowl cornerback Josh Norman, who developed into a shutdown corner during the season and had four interceptions, two of which were returned for touchdowns.",How many interceptions are the Panthers defense credited with in 2015?,24,The Panthers defense is credited with 24 interceptions in 2015.
56d6f3500d65d21400198291,"The Panthers defense gave up just 308 points, ranking sixth in the league, while also leading the NFL in interceptions with 24 and boasting four Pro Bowl selections. Pro Bowl defensive tackle Kawann Short led the team in sacks with 11, while also forcing three fumbles and recovering two. Fellow lineman Mario Addison added 6½ sacks. The Panthers line also featured veteran defensive end Jared Allen, a 5-time pro bowler who was the NFL's active career sack leader with 136, along with defensive end Kony Ealy, who had 5 sacks in just 9 starts. Behind them, two of the Panthers three starting linebackers were also selected to play in the Pro Bowl: Thomas Davis and Luke Kuechly. Davis compiled 5½ sacks, four forced fumbles, and four interceptions, while Kuechly led the team in tackles (118) forced two fumbles, and intercepted four passes of his own. Carolina's secondary featured Pro Bowl safety Kurt Coleman, who led the team with a career high seven interceptions, while also racking up 88 tackles and Pro Bowl cornerback Josh Norman, who developed into a shutdown corner during the season and had four interceptions, two of which were returned for touchdowns.",Who led the Panthers in sacks?,Kawann Short,Kawann Short led the Panthers in sacks with 11.
56d6f3500d65d21400198292,"The Panthers defense gave up just 308 points, ranking sixth in the league, while also leading the NFL in interceptions with 24 and boasting four Pro Bowl selections. Pro Bowl defensive tackle Kawann Short led the team in sacks with 11, while also forcing three fumbles and recovering two. Fellow lineman Mario Addison added 6½ sacks. The Panthers line also featured veteran defensive end Jared Allen, a 5-time pro bowler who was the NFL's active career sack leader with 136, along with defensive end Kony Ealy, who had 5 sacks in just 9 starts. Behind them, two of the Panthers three starting linebackers were also selected to play in the Pro Bowl: Thomas Davis and Luke Kuechly. Davis compiled 5½ sacks, four forced fumbles, and four interceptions, while Kuechly led the team in tackles (118) forced two fumbles, and intercepted four passes of his own. Carolina's secondary featured Pro Bowl safety Kurt Coleman, who led the team with a career high seven interceptions, while also racking up 88 tackles and Pro Bowl cornerback Josh Norman, who developed into a shutdown corner during the season and had four interceptions, two of which were returned for touchdowns.",How many Panthers defense players were selected for the Pro Bowl?,four,Four Panthers defense players were selected for the Pro Bowl.
56d6f3500d65d21400198293,"The Panthers defense gave up just 308 points, ranking sixth in the league, while also leading the NFL in interceptions with 24 and boasting four Pro Bowl selections. Pro Bowl defensive tackle Kawann Short led the team in sacks with 11, while also forcing three fumbles and recovering two. Fellow lineman Mario Addison added 6½ sacks. The Panthers line also featured veteran defensive end Jared Allen, a 5-time pro bowler who was the NFL's active career sack leader with 136, along with defensive end Kony Ealy, who had 5 sacks in just 9 starts. Behind them, two of the Panthers three starting linebackers were also selected to play in the Pro Bowl: Thomas Davis and Luke Kuechly. Davis compiled 5½ sacks, four forced fumbles, and four interceptions, while Kuechly led the team in tackles (118) forced two fumbles, and intercepted four passes of his own. Carolina's secondary featured Pro Bowl safety Kurt Coleman, who led the team with a career high seven interceptions, while also racking up 88 tackles and Pro Bowl cornerback Josh Norman, who developed into a shutdown corner during the season and had four interceptions, two of which were returned for touchdowns.",How many forced fumbles did Thomas Davis have?,four,Thomas Davis had 4 forced fumbles.
56d6f3500d65d21400198294,"The Panthers defense gave up just 308 points, ranking sixth in the league, while also leading the NFL in interceptions with 24 and boasting four Pro Bowl selections. Pro Bowl defensive tackle Kawann Short led the team in sacks with 11, while also forcing three fumbles and recovering two. Fellow lineman Mario Addison added 6½ sacks. The Panthers line also featured veteran defensive end Jared Allen, a 5-time pro bowler who was the NFL's active career sack leader with 136, along with defensive end Kony Ealy, who had 5 sacks in just 9 starts. Behind them, two of the Panthers three starting linebackers were also selected to play in the Pro Bowl: Thomas Davis and Luke Kuechly. Davis compiled 5½ sacks, four forced fumbles, and four interceptions, while Kuechly led the team in tackles (118) forced two fumbles, and intercepted four passes of his own. Carolina's secondary featured Pro Bowl safety Kurt Coleman, who led the team with a career high seven interceptions, while also racking up 88 tackles and Pro Bowl cornerback Josh Norman, who developed into a shutdown corner during the season and had four interceptions, two of which were returned for touchdowns.",Which player had the most interceptions for the season?,Kurt Coleman,"The player who had the most interceptions for the season was Kurt Coleman, the Pro Bowl safety for the Carolina Panthers. He led the team with a career-high seven interceptions."
56d9992fdc89441400fdb59c,"The Panthers defense gave up just 308 points, ranking sixth in the league, while also leading the NFL in interceptions with 24 and boasting four Pro Bowl selections. Pro Bowl defensive tackle Kawann Short led the team in sacks with 11, while also forcing three fumbles and recovering two. Fellow lineman Mario Addison added 6½ sacks. The Panthers line also featured veteran defensive end Jared Allen, a 5-time pro bowler who was the NFL's active career sack leader with 136, along with defensive end Kony Ealy, who had 5 sacks in just 9 starts. Behind them, two of the Panthers three starting linebackers were also selected to play in the Pro Bowl: Thomas Davis and Luke Kuechly. Davis compiled 5½ sacks, four forced fumbles, and four interceptions, while Kuechly led the team in tackles (118) forced two fumbles, and intercepted four passes of his own. Carolina's secondary featured Pro Bowl safety Kurt Coleman, who led the team with a career high seven interceptions, while also racking up 88 tackles and Pro Bowl cornerback Josh Norman, who developed into a shutdown corner during the season and had four interceptions, two of which were returned for touchdowns.",How many 2015 season interceptions did the Panthers' defense get?,24,The Panthers' defense got 24 interceptions in the 2015 season.
56d9992fdc89441400fdb59e,"The Panthers defense gave up just 308 points, ranking sixth in the league, while also leading the NFL in interceptions with 24 and boasting four Pro Bowl selections. Pro Bowl defensive tackle Kawann Short led the team in sacks with 11, while also forcing three fumbles and recovering two. Fellow lineman Mario Addison added 6½ sacks. The Panthers line also featured veteran defensive end Jared Allen, a 5-time pro bowler who was the NFL's active career sack leader with 136, along with defensive end Kony Ealy, who had 5 sacks in just 9 starts. Behind them, two of the Panthers three starting linebackers were also selected to play in the Pro Bowl: Thomas Davis and Luke Kuechly. Davis compiled 5½ sacks, four forced fumbles, and four interceptions, while Kuechly led the team in tackles (118) forced two fumbles, and intercepted four passes of his own. Carolina's secondary featured Pro Bowl safety Kurt Coleman, who led the team with a career high seven interceptions, while also racking up 88 tackles and Pro Bowl cornerback Josh Norman, who developed into a shutdown corner during the season and had four interceptions, two of which were returned for touchdowns.",Who had five sacks in nine games as a Carolina Panthers starter?,Kony Ealy,Kony Ealy had five sacks in just nine starts as a Carolina Panthers starter.
56d9992fdc89441400fdb59f,"The Panthers defense gave up just 308 points, ranking sixth in the league, while also leading the NFL in interceptions with 24 and boasting four Pro Bowl selections. Pro Bowl defensive tackle Kawann Short led the team in sacks with 11, while also forcing three fumbles and recovering two. Fellow lineman Mario Addison added 6½ sacks. The Panthers line also featured veteran defensive end Jared Allen, a 5-time pro bowler who was the NFL's active career sack leader with 136, along with defensive end Kony Ealy, who had 5 sacks in just 9 starts. Behind them, two of the Panthers three starting linebackers were also selected to play in the Pro Bowl: Thomas Davis and Luke Kuechly. Davis compiled 5½ sacks, four forced fumbles, and four interceptions, while Kuechly led the team in tackles (118) forced two fumbles, and intercepted four passes of his own. Carolina's secondary featured Pro Bowl safety Kurt Coleman, who led the team with a career high seven interceptions, while also racking up 88 tackles and Pro Bowl cornerback Josh Norman, who developed into a shutdown corner during the season and had four interceptions, two of which were returned for touchdowns.",Who was the Panthers' tackle leader for 2015?,Luke Kuechly.,"The Panthers' tackle leader for 2015 was Luke Kuechly, who led the team with 118 tackles."
56d9992fdc89441400fdb5a0,"The Panthers defense gave up just 308 points, ranking sixth in the league, while also leading the NFL in interceptions with 24 and boasting four Pro Bowl selections. Pro Bowl defensive tackle Kawann Short led the team in sacks with 11, while also forcing three fumbles and recovering two. Fellow lineman Mario Addison added 6½ sacks. The Panthers line also featured veteran defensive end Jared Allen, a 5-time pro bowler who was the NFL's active career sack leader with 136, along with defensive end Kony Ealy, who had 5 sacks in just 9 starts. Behind them, two of the Panthers three starting linebackers were also selected to play in the Pro Bowl: Thomas Davis and Luke Kuechly. Davis compiled 5½ sacks, four forced fumbles, and four interceptions, while Kuechly led the team in tackles (118) forced two fumbles, and intercepted four passes of his own. Carolina's secondary featured Pro Bowl safety Kurt Coleman, who led the team with a career high seven interceptions, while also racking up 88 tackles and Pro Bowl cornerback Josh Norman, who developed into a shutdown corner during the season and had four interceptions, two of which were returned for touchdowns.",How many interceptions did Josh Norman score touchdowns with in 2015?,two.,Josh Norman scored two interceptions for touchdowns in 2015.
56beb7953aeaaa14008c92ab,"The Broncos defeated the Pittsburgh Steelers in the divisional round, 23–16, by scoring 11 points in the final three minutes of the game. They then beat the defending Super Bowl XLIX champion New England Patriots in the AFC Championship Game, 20–18, by intercepting a pass on New England's 2-point conversion attempt with 17 seconds left on the clock. Despite Manning's problems with interceptions during the season, he didn't throw any in their two playoff games.",Who lost to the Broncos in the divisional round?,Pittsburgh Steelers,The Pittsburgh Steelers lost to the Broncos in the divisional round.
56beb7953aeaaa14008c92ac,"The Broncos defeated the Pittsburgh Steelers in the divisional round, 23–16, by scoring 11 points in the final three minutes of the game. They then beat the defending Super Bowl XLIX champion New England Patriots in the AFC Championship Game, 20–18, by intercepting a pass on New England's 2-point conversion attempt with 17 seconds left on the clock. Despite Manning's problems with interceptions during the season, he didn't throw any in their two playoff games.",How many points did the Broncos score in the last three minutes of the game versus Pittsburgh?,11,The Broncos scored 11 points in the last three minutes of the game versus Pittsburgh.
56beb7953aeaaa14008c92ad,"The Broncos defeated the Pittsburgh Steelers in the divisional round, 23–16, by scoring 11 points in the final three minutes of the game. They then beat the defending Super Bowl XLIX champion New England Patriots in the AFC Championship Game, 20–18, by intercepting a pass on New England's 2-point conversion attempt with 17 seconds left on the clock. Despite Manning's problems with interceptions during the season, he didn't throw any in their two playoff games.",Who won Super Bowl XLIX?,New England Patriots,"The context provided does not mention the winner of Super Bowl XLIX. However, based on the information you've shared, it seems that the New England Patriots were the defending champions of Super Bowl XLIX. The Super Bowl XLIX champion was the Seattle Seahawks, who defeated the Patriots 28-24."
56beb7953aeaaa14008c92ae,"The Broncos defeated the Pittsburgh Steelers in the divisional round, 23–16, by scoring 11 points in the final three minutes of the game. They then beat the defending Super Bowl XLIX champion New England Patriots in the AFC Championship Game, 20–18, by intercepting a pass on New England's 2-point conversion attempt with 17 seconds left on the clock. Despite Manning's problems with interceptions during the season, he didn't throw any in their two playoff games.",What was the final score of the AFC Championship Game?,20–18,The final score of the AFC Championship Game was 20-18.
56beb7953aeaaa14008c92af,"The Broncos defeated the Pittsburgh Steelers in the divisional round, 23–16, by scoring 11 points in the final three minutes of the game. They then beat the defending Super Bowl XLIX champion New England Patriots in the AFC Championship Game, 20–18, by intercepting a pass on New England's 2-point conversion attempt with 17 seconds left on the clock. Despite Manning's problems with interceptions during the season, he didn't throw any in their two playoff games.",How much time remained on the clock when the Broncos made the interception that clinched the AFC Championship Game?,17 seconds,The Broncos made the interception that clinched the AFC Championship Game with 17 seconds left on the clock.
56bf36b93aeaaa14008c9561,"The Broncos defeated the Pittsburgh Steelers in the divisional round, 23–16, by scoring 11 points in the final three minutes of the game. They then beat the defending Super Bowl XLIX champion New England Patriots in the AFC Championship Game, 20–18, by intercepting a pass on New England's 2-point conversion attempt with 17 seconds left on the clock. Despite Manning's problems with interceptions during the season, he didn't throw any in their two playoff games.",What team was the divisional round winner between the Broncos and Steelers?,Broncos,The Broncos were the divisional round winner between the Broncos and Steelers.
56bf36b93aeaaa14008c9562,"The Broncos defeated the Pittsburgh Steelers in the divisional round, 23–16, by scoring 11 points in the final three minutes of the game. They then beat the defending Super Bowl XLIX champion New England Patriots in the AFC Championship Game, 20–18, by intercepting a pass on New England's 2-point conversion attempt with 17 seconds left on the clock. Despite Manning's problems with interceptions during the season, he didn't throw any in their two playoff games.",What was the final score of the game between the Broncos and Steelers?,23–16,"The final score of the game between the Broncos and Steelers was 23-16, with the Broncos emerging victorious."
56bf36b93aeaaa14008c9563,"The Broncos defeated the Pittsburgh Steelers in the divisional round, 23–16, by scoring 11 points in the final three minutes of the game. They then beat the defending Super Bowl XLIX champion New England Patriots in the AFC Championship Game, 20–18, by intercepting a pass on New England's 2-point conversion attempt with 17 seconds left on the clock. Despite Manning's problems with interceptions during the season, he didn't throw any in their two playoff games.",Who won Super Bowl XLIX?,New England Patriots,"The context provided does not mention the winner of Super Bowl XLIX. However, based on the information you've shared, it seems that the New England Patriots were the defending champions of Super Bowl XLIX. The Super Bowl XLIX champion was the Seattle Seahawks, who defeated the Patriots 28-24."
56bf36b93aeaaa14008c9564,"The Broncos defeated the Pittsburgh Steelers in the divisional round, 23–16, by scoring 11 points in the final three minutes of the game. They then beat the defending Super Bowl XLIX champion New England Patriots in the AFC Championship Game, 20–18, by intercepting a pass on New England's 2-point conversion attempt with 17 seconds left on the clock. Despite Manning's problems with interceptions during the season, he didn't throw any in their two playoff games.",How many seconds were left in the game when the Broncos intercepted the pass that won the game?,17,The Broncos intercepted the pass that won the game with 17 seconds left on the clock.
56bf36b93aeaaa14008c9565,"The Broncos defeated the Pittsburgh Steelers in the divisional round, 23–16, by scoring 11 points in the final three minutes of the game. They then beat the defending Super Bowl XLIX champion New England Patriots in the AFC Championship Game, 20–18, by intercepting a pass on New England's 2-point conversion attempt with 17 seconds left on the clock. Despite Manning's problems with interceptions during the season, he didn't throw any in their two playoff games.","During the Bronco's playoff games, who did not throw at all?",Manning,"Based on the context provided, it seems that the question is asking about a player who did not throw any passes during the Broncos' playoff games. However, the context does not provide information about a specific player who did not throw at all. It only mentions that Peyton Manning, the quarterback, did not throw any interceptions during the playoff games."
56d7018a0d65d214001982c2,"The Broncos defeated the Pittsburgh Steelers in the divisional round, 23–16, by scoring 11 points in the final three minutes of the game. They then beat the defending Super Bowl XLIX champion New England Patriots in the AFC Championship Game, 20–18, by intercepting a pass on New England's 2-point conversion attempt with 17 seconds left on the clock. Despite Manning's problems with interceptions during the season, he didn't throw any in their two playoff games.",Who did the Broncos beat in the divisional game?,Pittsburgh Steelers,The Broncos defeated the Pittsburgh Steelers in the divisional game.
56d7018a0d65d214001982c3,"The Broncos defeated the Pittsburgh Steelers in the divisional round, 23–16, by scoring 11 points in the final three minutes of the game. They then beat the defending Super Bowl XLIX champion New England Patriots in the AFC Championship Game, 20–18, by intercepting a pass on New England's 2-point conversion attempt with 17 seconds left on the clock. Despite Manning's problems with interceptions during the season, he didn't throw any in their two playoff games.",How many points did the Broncos score in the final three minutes of the Pittsburgh game?,11,The Broncos scored 11 points in the final three minutes of the Pittsburgh game.
56d7018a0d65d214001982c5,"The Broncos defeated the Pittsburgh Steelers in the divisional round, 23–16, by scoring 11 points in the final three minutes of the game. They then beat the defending Super Bowl XLIX champion New England Patriots in the AFC Championship Game, 20–18, by intercepting a pass on New England's 2-point conversion attempt with 17 seconds left on the clock. Despite Manning's problems with interceptions during the season, he didn't throw any in their two playoff games.",Who did the Broncos defeat in the AFC Championship game?,New England Patriots,The Broncos defeated the New England Patriots in the AFC Championship game.
56d99f99dc89441400fdb628,"The Broncos defeated the Pittsburgh Steelers in the divisional round, 23–16, by scoring 11 points in the final three minutes of the game. They then beat the defending Super Bowl XLIX champion New England Patriots in the AFC Championship Game, 20–18, by intercepting a pass on New England's 2-point conversion attempt with 17 seconds left on the clock. Despite Manning's problems with interceptions during the season, he didn't throw any in their two playoff games.",Who did the Broncos beat to win their division in 2015?,Pittsburgh Steelers,"The context provided does not mention the team the Broncos beat to win their division in 2015. However, it does mention their victories over the Pittsburgh Steelers in the divisional round and the New England Patriots in the AFC Championship Game."
56d99f99dc89441400fdb629,"The Broncos defeated the Pittsburgh Steelers in the divisional round, 23–16, by scoring 11 points in the final three minutes of the game. They then beat the defending Super Bowl XLIX champion New England Patriots in the AFC Championship Game, 20–18, by intercepting a pass on New England's 2-point conversion attempt with 17 seconds left on the clock. Despite Manning's problems with interceptions during the season, he didn't throw any in their two playoff games.",Who did the Broncos beat tp become the AFC champions?,New England Patriots,The Broncos beat the New England Patriots to become the AFC champions.
56d99f99dc89441400fdb62c,"The Broncos defeated the Pittsburgh Steelers in the divisional round, 23–16, by scoring 11 points in the final three minutes of the game. They then beat the defending Super Bowl XLIX champion New England Patriots in the AFC Championship Game, 20–18, by intercepting a pass on New England's 2-point conversion attempt with 17 seconds left on the clock. Despite Manning's problems with interceptions during the season, he didn't throw any in their two playoff games.",How many seconds were left in the game when the Patriots failed their 2-point conversion?,17,The Patriots failed their 2-point conversion attempt with 17 seconds left in the game.
56beb86b3aeaaa14008c92bd,"Peyton Manning became the first quarterback ever to lead two different teams to multiple Super Bowls. He is also the oldest quarterback ever to play in a Super Bowl at age 39. The past record was held by John Elway, who led the Broncos to victory in Super Bowl XXXIII at age 38 and is currently Denver's Executive Vice President of Football Operations and General Manager.",How old was Peyton Manning when he played in Super Bowl 50?,39,Peyton Manning was 39 years old when he played in Super Bowl 50.
56beb86b3aeaaa14008c92be,"Peyton Manning became the first quarterback ever to lead two different teams to multiple Super Bowls. He is also the oldest quarterback ever to play in a Super Bowl at age 39. The past record was held by John Elway, who led the Broncos to victory in Super Bowl XXXIII at age 38 and is currently Denver's Executive Vice President of Football Operations and General Manager.",Who previously held the record for being the oldest quarterback to play in a Super Bowl?,John Elway,The previous record for being the oldest quarterback to play in a Super Bowl was held by John Elway. He led the Broncos to victory in Super Bowl XXXIII at age 38.
56beb86b3aeaaa14008c92bf,"Peyton Manning became the first quarterback ever to lead two different teams to multiple Super Bowls. He is also the oldest quarterback ever to play in a Super Bowl at age 39. The past record was held by John Elway, who led the Broncos to victory in Super Bowl XXXIII at age 38 and is currently Denver's Executive Vice President of Football Operations and General Manager.",How old was John Elway when he played in Super Bowl XXXIII?,38,John Elway was 38 years old when he played in Super Bowl XXXIII.
56beb86b3aeaaa14008c92c0,"Peyton Manning became the first quarterback ever to lead two different teams to multiple Super Bowls. He is also the oldest quarterback ever to play in a Super Bowl at age 39. The past record was held by John Elway, who led the Broncos to victory in Super Bowl XXXIII at age 38 and is currently Denver's Executive Vice President of Football Operations and General Manager.",What role does John Elway currently have in the Broncos franchise?,Executive Vice President of Football Operations and General Manager,John Elway currently holds the role of Executive Vice President of Football Operations and General Manager in the Denver Broncos franchise.
56beb86b3aeaaa14008c92c1,"Peyton Manning became the first quarterback ever to lead two different teams to multiple Super Bowls. He is also the oldest quarterback ever to play in a Super Bowl at age 39. The past record was held by John Elway, who led the Broncos to victory in Super Bowl XXXIII at age 38 and is currently Denver's Executive Vice President of Football Operations and General Manager.",Who did John Elway play for in Super Bowl XXXIII?,Broncos,John Elway played for the Denver Broncos in Super Bowl XXXIII.
56bf3fd53aeaaa14008c9591,"Peyton Manning became the first quarterback ever to lead two different teams to multiple Super Bowls. He is also the oldest quarterback ever to play in a Super Bowl at age 39. The past record was held by John Elway, who led the Broncos to victory in Super Bowl XXXIII at age 38 and is currently Denver's Executive Vice President of Football Operations and General Manager.",What team was the winner of Super Bowl XXXIII?,Broncos,The team that won Super Bowl XXXIII was the Denver Broncos.
56bf3fd53aeaaa14008c9592,"Peyton Manning became the first quarterback ever to lead two different teams to multiple Super Bowls. He is also the oldest quarterback ever to play in a Super Bowl at age 39. The past record was held by John Elway, who led the Broncos to victory in Super Bowl XXXIII at age 38 and is currently Denver's Executive Vice President of Football Operations and General Manager.",Who is the General Manager for the Broncos?,John Elway,The General Manager for the Broncos is John Elway.
56bf3fd53aeaaa14008c9593,"Peyton Manning became the first quarterback ever to lead two different teams to multiple Super Bowls. He is also the oldest quarterback ever to play in a Super Bowl at age 39. The past record was held by John Elway, who led the Broncos to victory in Super Bowl XXXIII at age 38 and is currently Denver's Executive Vice President of Football Operations and General Manager.",How old was Elway during his Super Bowl XXXIII win?,38,John Elway was 38 years old during his Super Bowl XXXIII win.
56bf3fd53aeaaa14008c9594,"Peyton Manning became the first quarterback ever to lead two different teams to multiple Super Bowls. He is also the oldest quarterback ever to play in a Super Bowl at age 39. The past record was held by John Elway, who led the Broncos to victory in Super Bowl XXXIII at age 38 and is currently Denver's Executive Vice President of Football Operations and General Manager.",Who has the record of being the oldest quarter back in any Super Bowl game?,Peyton Manning,"The record for the oldest quarterback to play in a Super Bowl game is held by Peyton Manning. He played in Super Bowl 50 at the age of 39, breaking the previous record held by John Elway, who played in Super Bowl XXXIII at the age of 38."
56bf3fd53aeaaa14008c9595,"Peyton Manning became the first quarterback ever to lead two different teams to multiple Super Bowls. He is also the oldest quarterback ever to play in a Super Bowl at age 39. The past record was held by John Elway, who led the Broncos to victory in Super Bowl XXXIII at age 38 and is currently Denver's Executive Vice President of Football Operations and General Manager.","How many teams has Manning played for that reached the Super Bowl, while he was on their team?",two,Peyton Manning played for two teams that reached the Super Bowl while he was on their team. He led the Indianapolis Colts to victory in Super Bowl XLI and the Denver Broncos to victory in Super Bowl 50.
56d704430d65d214001982de,"Peyton Manning became the first quarterback ever to lead two different teams to multiple Super Bowls. He is also the oldest quarterback ever to play in a Super Bowl at age 39. The past record was held by John Elway, who led the Broncos to victory in Super Bowl XXXIII at age 38 and is currently Denver's Executive Vice President of Football Operations and General Manager.",Peyton Manning took how many different teams to the Super Bowl?,two,Peyton Manning took two different teams to the Super Bowl.
56d704430d65d214001982e0,"Peyton Manning became the first quarterback ever to lead two different teams to multiple Super Bowls. He is also the oldest quarterback ever to play in a Super Bowl at age 39. The past record was held by John Elway, who led the Broncos to victory in Super Bowl XXXIII at age 38 and is currently Denver's Executive Vice President of Football Operations and General Manager.",Who is the oldest quarterback to play in a Super Bowl?,Peyton Manning,"The oldest quarterback to play in a Super Bowl is Peyton Manning, who was 39 years old when he played in Super Bowl 50."
56d704430d65d214001982e1,"Peyton Manning became the first quarterback ever to lead two different teams to multiple Super Bowls. He is also the oldest quarterback ever to play in a Super Bowl at age 39. The past record was held by John Elway, who led the Broncos to victory in Super Bowl XXXIII at age 38 and is currently Denver's Executive Vice President of Football Operations and General Manager.","Prior to Manning, who was the oldest quarterback to play in a Super Bowl?",John Elway,"Prior to Peyton Manning, the oldest quarterback to play in a Super Bowl was John Elway. He led the Denver Broncos to victory in Super Bowl XXXIII at the age of 38."
56d704430d65d214001982e2,"Peyton Manning became the first quarterback ever to lead two different teams to multiple Super Bowls. He is also the oldest quarterback ever to play in a Super Bowl at age 39. The past record was held by John Elway, who led the Broncos to victory in Super Bowl XXXIII at age 38 and is currently Denver's Executive Vice President of Football Operations and General Manager.",Which Super Bowl did Elway win at 38 years old?,Super Bowl XXXIII,John Elway won Super Bowl XXXIII at the age of 38.
56d9a0eadc89441400fdb63e,"Peyton Manning became the first quarterback ever to lead two different teams to multiple Super Bowls. He is also the oldest quarterback ever to play in a Super Bowl at age 39. The past record was held by John Elway, who led the Broncos to victory in Super Bowl XXXIII at age 38 and is currently Denver's Executive Vice President of Football Operations and General Manager.",Who was the first quarterback to take two teams to more than one Super Bowl?,Peyton Manning,The first quarterback to take two different teams to multiple Super Bowls was Peyton Manning.
56d9a0eadc89441400fdb63f,"Peyton Manning became the first quarterback ever to lead two different teams to multiple Super Bowls. He is also the oldest quarterback ever to play in a Super Bowl at age 39. The past record was held by John Elway, who led the Broncos to victory in Super Bowl XXXIII at age 38 and is currently Denver's Executive Vice President of Football Operations and General Manager.",How old was Manning when he played Super Bowl 50?,39,Peyton Manning was 39 years old when he played in Super Bowl 50.
56d9a0eadc89441400fdb640,"Peyton Manning became the first quarterback ever to lead two different teams to multiple Super Bowls. He is also the oldest quarterback ever to play in a Super Bowl at age 39. The past record was held by John Elway, who led the Broncos to victory in Super Bowl XXXIII at age 38 and is currently Denver's Executive Vice President of Football Operations and General Manager.",What is the name of the quarterback who was 38 in Super Bowl XXXIII?,John Elway,The name of the quarterback who was 38 in Super Bowl XXXIII is John Elway.
56bec6ac3aeaaa14008c93fd,"Six-time Grammy winner and Academy Award nominee Lady Gaga performed the national anthem, while Academy Award winner Marlee Matlin provided American Sign Language (ASL) translation.",How many Grammys has Lady Gaga won?,Six,Lady Gaga has won six Grammy Awards.
56bec6ac3aeaaa14008c93fe,"Six-time Grammy winner and Academy Award nominee Lady Gaga performed the national anthem, while Academy Award winner Marlee Matlin provided American Sign Language (ASL) translation.",What did Lady Gaga sing?,the national anthem,Lady Gaga sang the national anthem.
56bec6ac3aeaaa14008c93ff,"Six-time Grammy winner and Academy Award nominee Lady Gaga performed the national anthem, while Academy Award winner Marlee Matlin provided American Sign Language (ASL) translation.",What award has Marlee Matlin won?,Academy Award,Marlee Matlin has won an Academy Award. She is an Academy Award winner.
56bec6ac3aeaaa14008c9400,"Six-time Grammy winner and Academy Award nominee Lady Gaga performed the national anthem, while Academy Award winner Marlee Matlin provided American Sign Language (ASL) translation.",What did Marlee Matlin translate?,the national anthem,Marlee Matlin translated the national anthem performed by Lady Gaga into American Sign Language (ASL).
56bec6ac3aeaaa14008c9401,"Six-time Grammy winner and Academy Award nominee Lady Gaga performed the national anthem, while Academy Award winner Marlee Matlin provided American Sign Language (ASL) translation.",Into what language did Marlee Matlin translate the national anthem?,American Sign Language,"Marlee Matlin translated the national anthem into American Sign Language (ASL), which is a visual-gestural language used by the deaf and hard-of-hearing community in the United States."
56d20650e7d4791d00902614,"Six-time Grammy winner and Academy Award nominee Lady Gaga performed the national anthem, while Academy Award winner Marlee Matlin provided American Sign Language (ASL) translation.",Who sang the national anthem?,Lady Gaga,Lady Gaga sang the national anthem.
56d20650e7d4791d00902615,"Six-time Grammy winner and Academy Award nominee Lady Gaga performed the national anthem, while Academy Award winner Marlee Matlin provided American Sign Language (ASL) translation.",What actress did the ASL translation for the game?,Marlee Matlin,The actress who provided American Sign Language (ASL) translation for the game was Marlee Matlin.
56d7253b0d65d214001983d4,"Six-time Grammy winner and Academy Award nominee Lady Gaga performed the national anthem, while Academy Award winner Marlee Matlin provided American Sign Language (ASL) translation.",Who did the National Anthem at Super Bowl 50?,Lady Gaga,Lady Gaga performed the national anthem at Super Bowl 50.
56d7253b0d65d214001983d5,"Six-time Grammy winner and Academy Award nominee Lady Gaga performed the national anthem, while Academy Award winner Marlee Matlin provided American Sign Language (ASL) translation.",What actor did sign language for the National Anthem at Superbowl 50?,Marlee Matlin,The actor who provided American Sign Language (ASL) translation for the National Anthem at Super Bowl 50 was Marlee Matlin.
56d9c455dc89441400fdb7c4,"Six-time Grammy winner and Academy Award nominee Lady Gaga performed the national anthem, while Academy Award winner Marlee Matlin provided American Sign Language (ASL) translation.",Who did the Super Bowl 50 National Anthem?,Lady Gaga,The Super Bowl 50 National Anthem was performed by Lady Gaga.
56d9c455dc89441400fdb7c5,"Six-time Grammy winner and Academy Award nominee Lady Gaga performed the national anthem, while Academy Award winner Marlee Matlin provided American Sign Language (ASL) translation.",How many Grammy Award's does the text say Lady Gaga has won?,Six,The text says Lady Gaga has won six Grammy Awards.
56d9c455dc89441400fdb7c6,"Six-time Grammy winner and Academy Award nominee Lady Gaga performed the national anthem, while Academy Award winner Marlee Matlin provided American Sign Language (ASL) translation.",Who did the sign language of the National Anthem at Super Bowl 50?,Marlee Matlin,The sign language for the National Anthem at Super Bowl 50 was provided by Marlee Matlin.
56beca913aeaaa14008c946d,"With 4:51 left in regulation, Carolina got the ball on their own 24-yard line with a chance to mount a game-winning drive, and soon faced 3rd-and-9. On the next play, Miller stripped the ball away from Newton, and after several players dove for it, it took a long bounce backwards and was recovered by Ward, who returned it five yards to the Panthers 4-yard line. Although several players dove into the pile to attempt to recover it, Newton did not and his lack of aggression later earned him heavy criticism. Meanwhile, Denver's offense was kept out of the end zone for three plays, but a holding penalty on cornerback Josh Norman gave the Broncos a new set of downs. Then Anderson scored on a 2-yard touchdown run and Manning completed a pass to Bennie Fowler for a 2-point conversion, giving Denver a 24–10 lead with 3:08 left and essentially putting the game away. Carolina had two more drives, but failed to get a first down on each one.",On what yard line did Carolina begin with 4:51 left in the game?,24,Carolina began with the ball on their own 24-yard line with 4:51 left in the game.
56beca913aeaaa14008c946e,"With 4:51 left in regulation, Carolina got the ball on their own 24-yard line with a chance to mount a game-winning drive, and soon faced 3rd-and-9. On the next play, Miller stripped the ball away from Newton, and after several players dove for it, it took a long bounce backwards and was recovered by Ward, who returned it five yards to the Panthers 4-yard line. Although several players dove into the pile to attempt to recover it, Newton did not and his lack of aggression later earned him heavy criticism. Meanwhile, Denver's offense was kept out of the end zone for three plays, but a holding penalty on cornerback Josh Norman gave the Broncos a new set of downs. Then Anderson scored on a 2-yard touchdown run and Manning completed a pass to Bennie Fowler for a 2-point conversion, giving Denver a 24–10 lead with 3:08 left and essentially putting the game away. Carolina had two more drives, but failed to get a first down on each one.",Who fumbled the ball on 3rd-and-9?,Newton,"The text does not explicitly state who fumbled the ball on 3rd-and-9. However, it does mention that Miller stripped the ball away from Newton. Therefore, it can be inferred that Newton was the one who fumbled the ball."
56beca913aeaaa14008c946f,"With 4:51 left in regulation, Carolina got the ball on their own 24-yard line with a chance to mount a game-winning drive, and soon faced 3rd-and-9. On the next play, Miller stripped the ball away from Newton, and after several players dove for it, it took a long bounce backwards and was recovered by Ward, who returned it five yards to the Panthers 4-yard line. Although several players dove into the pile to attempt to recover it, Newton did not and his lack of aggression later earned him heavy criticism. Meanwhile, Denver's offense was kept out of the end zone for three plays, but a holding penalty on cornerback Josh Norman gave the Broncos a new set of downs. Then Anderson scored on a 2-yard touchdown run and Manning completed a pass to Bennie Fowler for a 2-point conversion, giving Denver a 24–10 lead with 3:08 left and essentially putting the game away. Carolina had two more drives, but failed to get a first down on each one.",What Panther defender was called for holding on third down?,Josh Norman,The Panther defender who was called for holding on third down was Josh Norman.
56beca913aeaaa14008c9470,"With 4:51 left in regulation, Carolina got the ball on their own 24-yard line with a chance to mount a game-winning drive, and soon faced 3rd-and-9. On the next play, Miller stripped the ball away from Newton, and after several players dove for it, it took a long bounce backwards and was recovered by Ward, who returned it five yards to the Panthers 4-yard line. Although several players dove into the pile to attempt to recover it, Newton did not and his lack of aggression later earned him heavy criticism. Meanwhile, Denver's offense was kept out of the end zone for three plays, but a holding penalty on cornerback Josh Norman gave the Broncos a new set of downs. Then Anderson scored on a 2-yard touchdown run and Manning completed a pass to Bennie Fowler for a 2-point conversion, giving Denver a 24–10 lead with 3:08 left and essentially putting the game away. Carolina had two more drives, but failed to get a first down on each one.",What player punched the ball in from the 2?,Anderson,The player who punched the ball in from the 2-yard line was C.J. Anderson.
56beca913aeaaa14008c9471,"With 4:51 left in regulation, Carolina got the ball on their own 24-yard line with a chance to mount a game-winning drive, and soon faced 3rd-and-9. On the next play, Miller stripped the ball away from Newton, and after several players dove for it, it took a long bounce backwards and was recovered by Ward, who returned it five yards to the Panthers 4-yard line. Although several players dove into the pile to attempt to recover it, Newton did not and his lack of aggression later earned him heavy criticism. Meanwhile, Denver's offense was kept out of the end zone for three plays, but a holding penalty on cornerback Josh Norman gave the Broncos a new set of downs. Then Anderson scored on a 2-yard touchdown run and Manning completed a pass to Bennie Fowler for a 2-point conversion, giving Denver a 24–10 lead with 3:08 left and essentially putting the game away. Carolina had two more drives, but failed to get a first down on each one.",Who was the receiver on the successful 2-point conversion?,Bennie Fowler,The receiver on the successful 2-point conversion was Bennie Fowler.
56d726b60d65d214001983ea,"With 4:51 left in regulation, Carolina got the ball on their own 24-yard line with a chance to mount a game-winning drive, and soon faced 3rd-and-9. On the next play, Miller stripped the ball away from Newton, and after several players dove for it, it took a long bounce backwards and was recovered by Ward, who returned it five yards to the Panthers 4-yard line. Although several players dove into the pile to attempt to recover it, Newton did not and his lack of aggression later earned him heavy criticism. Meanwhile, Denver's offense was kept out of the end zone for three plays, but a holding penalty on cornerback Josh Norman gave the Broncos a new set of downs. Then Anderson scored on a 2-yard touchdown run and Manning completed a pass to Bennie Fowler for a 2-point conversion, giving Denver a 24–10 lead with 3:08 left and essentially putting the game away. Carolina had two more drives, but failed to get a first down on each one.",Who stripped the ball from Newton on a 3rd and nine?,Miller,Miller stripped the ball away from Newton on a 3rd and nine.
56d726b60d65d214001983eb,"With 4:51 left in regulation, Carolina got the ball on their own 24-yard line with a chance to mount a game-winning drive, and soon faced 3rd-and-9. On the next play, Miller stripped the ball away from Newton, and after several players dove for it, it took a long bounce backwards and was recovered by Ward, who returned it five yards to the Panthers 4-yard line. Although several players dove into the pile to attempt to recover it, Newton did not and his lack of aggression later earned him heavy criticism. Meanwhile, Denver's offense was kept out of the end zone for three plays, but a holding penalty on cornerback Josh Norman gave the Broncos a new set of downs. Then Anderson scored on a 2-yard touchdown run and Manning completed a pass to Bennie Fowler for a 2-point conversion, giving Denver a 24–10 lead with 3:08 left and essentially putting the game away. Carolina had two more drives, but failed to get a first down on each one.",Who recovered the strip ball?,Ward,The strip ball was recovered by Ward.
56d726b60d65d214001983ec,"With 4:51 left in regulation, Carolina got the ball on their own 24-yard line with a chance to mount a game-winning drive, and soon faced 3rd-and-9. On the next play, Miller stripped the ball away from Newton, and after several players dove for it, it took a long bounce backwards and was recovered by Ward, who returned it five yards to the Panthers 4-yard line. Although several players dove into the pile to attempt to recover it, Newton did not and his lack of aggression later earned him heavy criticism. Meanwhile, Denver's offense was kept out of the end zone for three plays, but a holding penalty on cornerback Josh Norman gave the Broncos a new set of downs. Then Anderson scored on a 2-yard touchdown run and Manning completed a pass to Bennie Fowler for a 2-point conversion, giving Denver a 24–10 lead with 3:08 left and essentially putting the game away. Carolina had two more drives, but failed to get a first down on each one.",Which player was criticized for not jumping into the pile to recover the ball?,Newton,The player who was criticized for not jumping into the pile to recover the ball was Cam Newton.
56d726b60d65d214001983ed,"With 4:51 left in regulation, Carolina got the ball on their own 24-yard line with a chance to mount a game-winning drive, and soon faced 3rd-and-9. On the next play, Miller stripped the ball away from Newton, and after several players dove for it, it took a long bounce backwards and was recovered by Ward, who returned it five yards to the Panthers 4-yard line. Although several players dove into the pile to attempt to recover it, Newton did not and his lack of aggression later earned him heavy criticism. Meanwhile, Denver's offense was kept out of the end zone for three plays, but a holding penalty on cornerback Josh Norman gave the Broncos a new set of downs. Then Anderson scored on a 2-yard touchdown run and Manning completed a pass to Bennie Fowler for a 2-point conversion, giving Denver a 24–10 lead with 3:08 left and essentially putting the game away. Carolina had two more drives, but failed to get a first down on each one.","Which Panthers player got a penalty, which gave the Broncos a new set of downs?",Josh Norman,"The Panthers player who got a penalty, which gave the Broncos a new set of downs, was Josh Norman."
56d726b60d65d214001983ee,"With 4:51 left in regulation, Carolina got the ball on their own 24-yard line with a chance to mount a game-winning drive, and soon faced 3rd-and-9. On the next play, Miller stripped the ball away from Newton, and after several players dove for it, it took a long bounce backwards and was recovered by Ward, who returned it five yards to the Panthers 4-yard line. Although several players dove into the pile to attempt to recover it, Newton did not and his lack of aggression later earned him heavy criticism. Meanwhile, Denver's offense was kept out of the end zone for three plays, but a holding penalty on cornerback Josh Norman gave the Broncos a new set of downs. Then Anderson scored on a 2-yard touchdown run and Manning completed a pass to Bennie Fowler for a 2-point conversion, giving Denver a 24–10 lead with 3:08 left and essentially putting the game away. Carolina had two more drives, but failed to get a first down on each one.",How much time was left in the game when Denver took the score to 24-10?,3:08,Denver took the score to 24-10 with 3:08 left in the game.
56d9cb47dc89441400fdb832,"With 4:51 left in regulation, Carolina got the ball on their own 24-yard line with a chance to mount a game-winning drive, and soon faced 3rd-and-9. On the next play, Miller stripped the ball away from Newton, and after several players dove for it, it took a long bounce backwards and was recovered by Ward, who returned it five yards to the Panthers 4-yard line. Although several players dove into the pile to attempt to recover it, Newton did not and his lack of aggression later earned him heavy criticism. Meanwhile, Denver's offense was kept out of the end zone for three plays, but a holding penalty on cornerback Josh Norman gave the Broncos a new set of downs. Then Anderson scored on a 2-yard touchdown run and Manning completed a pass to Bennie Fowler for a 2-point conversion, giving Denver a 24–10 lead with 3:08 left and essentially putting the game away. Carolina had two more drives, but failed to get a first down on each one.",What was the time on the clock when Carolina got the ball to their 24-yard line in the fourth quarter?,4:51,The time on the clock when Carolina got the ball to their 24-yard line in the fourth quarter was 4:51.
56d9cb47dc89441400fdb833,"With 4:51 left in regulation, Carolina got the ball on their own 24-yard line with a chance to mount a game-winning drive, and soon faced 3rd-and-9. On the next play, Miller stripped the ball away from Newton, and after several players dove for it, it took a long bounce backwards and was recovered by Ward, who returned it five yards to the Panthers 4-yard line. Although several players dove into the pile to attempt to recover it, Newton did not and his lack of aggression later earned him heavy criticism. Meanwhile, Denver's offense was kept out of the end zone for three plays, but a holding penalty on cornerback Josh Norman gave the Broncos a new set of downs. Then Anderson scored on a 2-yard touchdown run and Manning completed a pass to Bennie Fowler for a 2-point conversion, giving Denver a 24–10 lead with 3:08 left and essentially putting the game away. Carolina had two more drives, but failed to get a first down on each one.",What was the last name of the player who took the ball away from Newton late in the fourth quarter?,Miller,The last name of the player who took the ball away from Newton late in the fourth quarter is Miller.
56d9cb47dc89441400fdb834,"With 4:51 left in regulation, Carolina got the ball on their own 24-yard line with a chance to mount a game-winning drive, and soon faced 3rd-and-9. On the next play, Miller stripped the ball away from Newton, and after several players dove for it, it took a long bounce backwards and was recovered by Ward, who returned it five yards to the Panthers 4-yard line. Although several players dove into the pile to attempt to recover it, Newton did not and his lack of aggression later earned him heavy criticism. Meanwhile, Denver's offense was kept out of the end zone for three plays, but a holding penalty on cornerback Josh Norman gave the Broncos a new set of downs. Then Anderson scored on a 2-yard touchdown run and Manning completed a pass to Bennie Fowler for a 2-point conversion, giving Denver a 24–10 lead with 3:08 left and essentially putting the game away. Carolina had two more drives, but failed to get a first down on each one.",What is the last name of the player who finally recovered the ball Newton lost in the fourth quarter?,Ward,The last name of the player who finally recovered the ball Newton lost in the fourth quarter is Ward.
56d9cb47dc89441400fdb835,"With 4:51 left in regulation, Carolina got the ball on their own 24-yard line with a chance to mount a game-winning drive, and soon faced 3rd-and-9. On the next play, Miller stripped the ball away from Newton, and after several players dove for it, it took a long bounce backwards and was recovered by Ward, who returned it five yards to the Panthers 4-yard line. Although several players dove into the pile to attempt to recover it, Newton did not and his lack of aggression later earned him heavy criticism. Meanwhile, Denver's offense was kept out of the end zone for three plays, but a holding penalty on cornerback Josh Norman gave the Broncos a new set of downs. Then Anderson scored on a 2-yard touchdown run and Manning completed a pass to Bennie Fowler for a 2-point conversion, giving Denver a 24–10 lead with 3:08 left and essentially putting the game away. Carolina had two more drives, but failed to get a first down on each one.",How many plays was Denver kept out of the end zone after getting the ball from Newton?,three,Denver's offense was kept out of the end zone for three plays after getting the ball from Newton.
56d9cb47dc89441400fdb836,"With 4:51 left in regulation, Carolina got the ball on their own 24-yard line with a chance to mount a game-winning drive, and soon faced 3rd-and-9. On the next play, Miller stripped the ball away from Newton, and after several players dove for it, it took a long bounce backwards and was recovered by Ward, who returned it five yards to the Panthers 4-yard line. Although several players dove into the pile to attempt to recover it, Newton did not and his lack of aggression later earned him heavy criticism. Meanwhile, Denver's offense was kept out of the end zone for three plays, but a holding penalty on cornerback Josh Norman gave the Broncos a new set of downs. Then Anderson scored on a 2-yard touchdown run and Manning completed a pass to Bennie Fowler for a 2-point conversion, giving Denver a 24–10 lead with 3:08 left and essentially putting the game away. Carolina had two more drives, but failed to get a first down on each one.",What is the last name of the player who scored a 2-yard touchdown in the fourth quarter?,Anderson,The last name of the player who scored a 2-yard touchdown in the fourth quarter is Anderson.
57339c16d058e614000b5ec5,"Nearby, in Ogród Saski (the Saxon Garden), the Summer Theatre was in operation from 1870 to 1939, and in the inter-war period, the theatre complex also included Momus, Warsaw's first literary cabaret, and Leon Schiller's musical theatre Melodram. The Wojciech Bogusławski Theatre (1922–26), was the best example of ""Polish monumental theatre"". From the mid-1930s, the Great Theatre building housed the Upati Institute of Dramatic Arts – the first state-run academy of dramatic art, with an acting department and a stage directing department.",What is the Saxon Garden in Polish?,Ogród Saski,"The Saxon Garden in Polish is ""Ogród Saski""."
57339c16d058e614000b5ec6,"Nearby, in Ogród Saski (the Saxon Garden), the Summer Theatre was in operation from 1870 to 1939, and in the inter-war period, the theatre complex also included Momus, Warsaw's first literary cabaret, and Leon Schiller's musical theatre Melodram. The Wojciech Bogusławski Theatre (1922–26), was the best example of ""Polish monumental theatre"". From the mid-1930s, the Great Theatre building housed the Upati Institute of Dramatic Arts – the first state-run academy of dramatic art, with an acting department and a stage directing department.",Where was the Summer Theatre located?,Saxon Garden,The Summer Theatre was located in Ogród Saski (the Saxon Garden).
57339c16d058e614000b5ec7,"Nearby, in Ogród Saski (the Saxon Garden), the Summer Theatre was in operation from 1870 to 1939, and in the inter-war period, the theatre complex also included Momus, Warsaw's first literary cabaret, and Leon Schiller's musical theatre Melodram. The Wojciech Bogusławski Theatre (1922–26), was the best example of ""Polish monumental theatre"". From the mid-1930s, the Great Theatre building housed the Upati Institute of Dramatic Arts – the first state-run academy of dramatic art, with an acting department and a stage directing department.",How long was the Summer Theatre in operation?,1870 to 1939,The Summer Theatre was in operation from 1870 to 1939.
57339c16d058e614000b5ec8,"Nearby, in Ogród Saski (the Saxon Garden), the Summer Theatre was in operation from 1870 to 1939, and in the inter-war period, the theatre complex also included Momus, Warsaw's first literary cabaret, and Leon Schiller's musical theatre Melodram. The Wojciech Bogusławski Theatre (1922–26), was the best example of ""Polish monumental theatre"". From the mid-1930s, the Great Theatre building housed the Upati Institute of Dramatic Arts – the first state-run academy of dramatic art, with an acting department and a stage directing department.",What was Warsaw's first literary cabaret?,Momus,Warsaw's first literary cabaret was Momus.
57339c16d058e614000b5ec9,"Nearby, in Ogród Saski (the Saxon Garden), the Summer Theatre was in operation from 1870 to 1939, and in the inter-war period, the theatre complex also included Momus, Warsaw's first literary cabaret, and Leon Schiller's musical theatre Melodram. The Wojciech Bogusławski Theatre (1922–26), was the best example of ""Polish monumental theatre"". From the mid-1930s, the Great Theatre building housed the Upati Institute of Dramatic Arts – the first state-run academy of dramatic art, with an acting department and a stage directing department.","What theatre was the best example of ""Polish monumental theatre""?",Wojciech Bogusławski Theatre,"The Wojciech Bogusławski Theatre (1922–26) was the best example of ""Polish monumental theatre""."
5733a32bd058e614000b5f32,"Their local rivals, Polonia Warsaw, have significantly fewer supporters, yet they managed to win Ekstraklasa Championship in 2000. They also won the country’s championship in 1946, and won the cup twice as well. Polonia's home venue is located at Konwiktorska Street, a ten-minute walk north from the Old Town. Polonia was relegated from the country's top flight in 2013 because of their disastrous financial situation. They are now playing in the 4th league (5th tier in Poland) -the bottom professional league in the National – Polish Football Association (PZPN) structure.",Who won the Ekstraklasa Championship in 2000?,Polonia Warsaw,Polonia Warsaw won the Ekstraklasa Championship in 2000.
5733a32bd058e614000b5f33,"Their local rivals, Polonia Warsaw, have significantly fewer supporters, yet they managed to win Ekstraklasa Championship in 2000. They also won the country’s championship in 1946, and won the cup twice as well. Polonia's home venue is located at Konwiktorska Street, a ten-minute walk north from the Old Town. Polonia was relegated from the country's top flight in 2013 because of their disastrous financial situation. They are now playing in the 4th league (5th tier in Poland) -the bottom professional league in the National – Polish Football Association (PZPN) structure.",When did Polonia Warsaw win the country's championship prior to 2000?,1946,Polonia Warsaw won the country's championship in 1946 prior to 2000.
5733a32bd058e614000b5f34,"Their local rivals, Polonia Warsaw, have significantly fewer supporters, yet they managed to win Ekstraklasa Championship in 2000. They also won the country’s championship in 1946, and won the cup twice as well. Polonia's home venue is located at Konwiktorska Street, a ten-minute walk north from the Old Town. Polonia was relegated from the country's top flight in 2013 because of their disastrous financial situation. They are now playing in the 4th league (5th tier in Poland) -the bottom professional league in the National – Polish Football Association (PZPN) structure.",How many times has Polonia won the cup?,twice,Polonia has won the cup twice.
5733a32bd058e614000b5f35,"Their local rivals, Polonia Warsaw, have significantly fewer supporters, yet they managed to win Ekstraklasa Championship in 2000. They also won the country’s championship in 1946, and won the cup twice as well. Polonia's home venue is located at Konwiktorska Street, a ten-minute walk north from the Old Town. Polonia was relegated from the country's top flight in 2013 because of their disastrous financial situation. They are now playing in the 4th league (5th tier in Poland) -the bottom professional league in the National – Polish Football Association (PZPN) structure.",Where is Polonia's home venue located?,Konwiktorska Street,"Polonia's home venue is located at Konwiktorska Street, a ten-minute walk north from the Old Town."
5733a32bd058e614000b5f36,"Their local rivals, Polonia Warsaw, have significantly fewer supporters, yet they managed to win Ekstraklasa Championship in 2000. They also won the country’s championship in 1946, and won the cup twice as well. Polonia's home venue is located at Konwiktorska Street, a ten-minute walk north from the Old Town. Polonia was relegated from the country's top flight in 2013 because of their disastrous financial situation. They are now playing in the 4th league (5th tier in Poland) -the bottom professional league in the National – Polish Football Association (PZPN) structure.",Why was Polonia relegated from the country's top flight in 2013?,disastrous financial situation,"Polonia was relegated from the country's top flight in 2013 due to their disastrous financial situation. This likely means that the club was unable to meet the financial requirements or standards set by the National – Polish Football Association (PZPN), which led to their relegation to a lower league."
57338007d058e614000b5bda,"Throughout its existence, Warsaw has been a multi-cultural city. According to the 1901 census, out of 711,988 inhabitants 56.2% were Catholics, 35.7% Jews, 5% Greek orthodox Christians and 2.8% Protestants. Eight years later, in 1909, there were 281,754 Jews (36.9%), 18,189 Protestants (2.4%) and 2,818 Mariavites (0.4%). This led to construction of hundreds of places of religious worship in all parts of the town. Most of them were destroyed in the aftermath of the Warsaw Uprising of 1944. After the war, the new communist authorities of Poland discouraged church construction and only a small number were rebuilt.",What type of city has Warsaw been for as long as it's been a city?,multi-cultural,"Warsaw has been a multi-cultural city for as long as it's been a city. This is evident from the diverse religious demographics in the early 20th century, with a significant presence of Catholics, Jews, Greek Orthodox Christians, and Protestants. This diversity is reflected in the construction of various places of religious worship throughout the city."
57338007d058e614000b5bdb,"Throughout its existence, Warsaw has been a multi-cultural city. According to the 1901 census, out of 711,988 inhabitants 56.2% were Catholics, 35.7% Jews, 5% Greek orthodox Christians and 2.8% Protestants. Eight years later, in 1909, there were 281,754 Jews (36.9%), 18,189 Protestants (2.4%) and 2,818 Mariavites (0.4%). This led to construction of hundreds of places of religious worship in all parts of the town. Most of them were destroyed in the aftermath of the Warsaw Uprising of 1944. After the war, the new communist authorities of Poland discouraged church construction and only a small number were rebuilt.",What was Warsaw's population in 1901?,"711,988","Warsaw's population in 1901 was 711,988 inhabitants."
57338007d058e614000b5bdc,"Throughout its existence, Warsaw has been a multi-cultural city. According to the 1901 census, out of 711,988 inhabitants 56.2% were Catholics, 35.7% Jews, 5% Greek orthodox Christians and 2.8% Protestants. Eight years later, in 1909, there were 281,754 Jews (36.9%), 18,189 Protestants (2.4%) and 2,818 Mariavites (0.4%). This led to construction of hundreds of places of religious worship in all parts of the town. Most of them were destroyed in the aftermath of the Warsaw Uprising of 1944. After the war, the new communist authorities of Poland discouraged church construction and only a small number were rebuilt.","Of Warsaw's inhabitants in 1901, what percentage was Catholic?",56.2%,"Of Warsaw's inhabitants in 1901, 56.2% were Catholic."
57338007d058e614000b5bdd,"Throughout its existence, Warsaw has been a multi-cultural city. According to the 1901 census, out of 711,988 inhabitants 56.2% were Catholics, 35.7% Jews, 5% Greek orthodox Christians and 2.8% Protestants. Eight years later, in 1909, there were 281,754 Jews (36.9%), 18,189 Protestants (2.4%) and 2,818 Mariavites (0.4%). This led to construction of hundreds of places of religious worship in all parts of the town. Most of them were destroyed in the aftermath of the Warsaw Uprising of 1944. After the war, the new communist authorities of Poland discouraged church construction and only a small number were rebuilt.",What percentage of Warsaw's population was Protestant in 1901?,2.8%,"In 1901, the percentage of Warsaw's population that was Protestant was 2.8%."
57338007d058e614000b5bde,"Throughout its existence, Warsaw has been a multi-cultural city. According to the 1901 census, out of 711,988 inhabitants 56.2% were Catholics, 35.7% Jews, 5% Greek orthodox Christians and 2.8% Protestants. Eight years later, in 1909, there were 281,754 Jews (36.9%), 18,189 Protestants (2.4%) and 2,818 Mariavites (0.4%). This led to construction of hundreds of places of religious worship in all parts of the town. Most of them were destroyed in the aftermath of the Warsaw Uprising of 1944. After the war, the new communist authorities of Poland discouraged church construction and only a small number were rebuilt.",When were most of the places of religious worship destroyed in Warsaw?,1944,Most of the places of religious worship in Warsaw were destroyed in the aftermath of the Warsaw Uprising of 1944.
573380e0d058e614000b5be9,"The basic unit of territorial division in Poland is a commune (gmina). A city is also a commune – but with the city charter. Both cities and communes are governed by a mayor – but in the communes the mayor is vogt (wójt in Polish), however in the cities – burmistrz. Some bigger cities obtain the entitlements, i.e. tasks and privileges, which are possessed by the units of the second level of the territorial division – counties or powiats. An example of such entitlement is a car registration: a gmina cannot register cars, this is a powiat's task (i.e. a registration number depends on what powiat a car had been registered, not gmina). In this case we say about city county or powiat grodzki. Such cities are for example Lublin, Kraków, Gdańsk, Poznań. In Warsaw, its districts additionally have some of powiat's entitlements – like already mentioned car registration. For example, the district Wola has its own evidence and the district Ursynów – its own (and the cars from Wola have another type of registration number than these from Ursynów). But for instance the districts in Kraków do not have entitlements of powiat, so the registration numbers in Kraków are of the same type for all districts.",What is the basic unit of territorial division in Poland?,commune,The basic unit of territorial division in Poland is a commune (gmina).
573380e0d058e614000b5bea,"The basic unit of territorial division in Poland is a commune (gmina). A city is also a commune – but with the city charter. Both cities and communes are governed by a mayor – but in the communes the mayor is vogt (wójt in Polish), however in the cities – burmistrz. Some bigger cities obtain the entitlements, i.e. tasks and privileges, which are possessed by the units of the second level of the territorial division – counties or powiats. An example of such entitlement is a car registration: a gmina cannot register cars, this is a powiat's task (i.e. a registration number depends on what powiat a car had been registered, not gmina). In this case we say about city county or powiat grodzki. Such cities are for example Lublin, Kraków, Gdańsk, Poznań. In Warsaw, its districts additionally have some of powiat's entitlements – like already mentioned car registration. For example, the district Wola has its own evidence and the district Ursynów – its own (and the cars from Wola have another type of registration number than these from Ursynów). But for instance the districts in Kraków do not have entitlements of powiat, so the registration numbers in Kraków are of the same type for all districts.",What is the second level of territorial division in Poland?,counties or powiats,The second level of territorial division in Poland is the county or powiat.
573380e0d058e614000b5beb,"The basic unit of territorial division in Poland is a commune (gmina). A city is also a commune – but with the city charter. Both cities and communes are governed by a mayor – but in the communes the mayor is vogt (wójt in Polish), however in the cities – burmistrz. Some bigger cities obtain the entitlements, i.e. tasks and privileges, which are possessed by the units of the second level of the territorial division – counties or powiats. An example of such entitlement is a car registration: a gmina cannot register cars, this is a powiat's task (i.e. a registration number depends on what powiat a car had been registered, not gmina). In this case we say about city county or powiat grodzki. Such cities are for example Lublin, Kraków, Gdańsk, Poznań. In Warsaw, its districts additionally have some of powiat's entitlements – like already mentioned car registration. For example, the district Wola has its own evidence and the district Ursynów – its own (and the cars from Wola have another type of registration number than these from Ursynów). But for instance the districts in Kraków do not have entitlements of powiat, so the registration numbers in Kraków are of the same type for all districts.",In what districts are the registration numbers for cars all of the same type?,Kraków,"In the context provided, the registration numbers for cars are all of the same type in districts where the districts do not have the entitlements of a powiat. This is the case in Kraków, where all districts share the same type of registration number."
5733834ed058e614000b5c26,"Warsaw's first stock exchange was established in 1817 and continued trading until World War II. It was re-established in April 1991, following the end of the post-war communist control of the country and the reintroduction of a free-market economy. Today, the Warsaw Stock Exchange (WSE) is, according to many indicators, the largest market in the region, with 374 companies listed and total capitalization of 162 584 mln EUR as of 31 August 2009. From 1991 until 2000, the stock exchange was, ironically, located in the building previously used as the headquarters of the Polish United Workers' Party (PZPR).",When was Warsaw's first stock exchange established?,1817,Warsaw's first stock exchange was established in 1817.
5733834ed058e614000b5c27,"Warsaw's first stock exchange was established in 1817 and continued trading until World War II. It was re-established in April 1991, following the end of the post-war communist control of the country and the reintroduction of a free-market economy. Today, the Warsaw Stock Exchange (WSE) is, according to many indicators, the largest market in the region, with 374 companies listed and total capitalization of 162 584 mln EUR as of 31 August 2009. From 1991 until 2000, the stock exchange was, ironically, located in the building previously used as the headquarters of the Polish United Workers' Party (PZPR).",What brought Warsaw's stock exchange to a stop?,World War II,"Warsaw's stock exchange was brought to a stop during World War II. The context provided states that the first stock exchange was established in 1817 and continued trading until World War II. After the war, the stock exchange was re-established in April 1991, following the end of the post-war communist control of the country and the reintroduction of a free-market economy."
5733834ed058e614000b5c28,"Warsaw's first stock exchange was established in 1817 and continued trading until World War II. It was re-established in April 1991, following the end of the post-war communist control of the country and the reintroduction of a free-market economy. Today, the Warsaw Stock Exchange (WSE) is, according to many indicators, the largest market in the region, with 374 companies listed and total capitalization of 162 584 mln EUR as of 31 August 2009. From 1991 until 2000, the stock exchange was, ironically, located in the building previously used as the headquarters of the Polish United Workers' Party (PZPR).",When was Warsaw's stock exchange brought back to life?,April 1991,Warsaw's stock exchange was brought back to life in April 1991.
5733834ed058e614000b5c29,"Warsaw's first stock exchange was established in 1817 and continued trading until World War II. It was re-established in April 1991, following the end of the post-war communist control of the country and the reintroduction of a free-market economy. Today, the Warsaw Stock Exchange (WSE) is, according to many indicators, the largest market in the region, with 374 companies listed and total capitalization of 162 584 mln EUR as of 31 August 2009. From 1991 until 2000, the stock exchange was, ironically, located in the building previously used as the headquarters of the Polish United Workers' Party (PZPR).",How many companies were listed on the WSE on August 2009?,374,"As of August 31, 2009, there were 374 companies listed on the Warsaw Stock Exchange (WSE)."
5733834ed058e614000b5c2a,"Warsaw's first stock exchange was established in 1817 and continued trading until World War II. It was re-established in April 1991, following the end of the post-war communist control of the country and the reintroduction of a free-market economy. Today, the Warsaw Stock Exchange (WSE) is, according to many indicators, the largest market in the region, with 374 companies listed and total capitalization of 162 584 mln EUR as of 31 August 2009. From 1991 until 2000, the stock exchange was, ironically, located in the building previously used as the headquarters of the Polish United Workers' Party (PZPR).",Whose former headquarters was the WSE located in until 2000?,Polish United Workers' Party,The Warsaw Stock Exchange (WSE) was located in the building that was previously the headquarters of the Polish United Workers' Party (PZPR) until 2000.
56dde1d966d3e219004dad8d,"Before Rollo's arrival, its populations did not differ from Picardy or the Île-de-France, which were considered ""Frankish"". Earlier Viking settlers had begun arriving in the 880s, but were divided between colonies in the east (Roumois and Pays de Caux) around the low Seine valley and in the west in the Cotentin Peninsula, and were separated by traditional pagii, where the population remained about the same with almost no foreign settlers. Rollo's contingents who raided and ultimately settled Normandy and parts of the Atlantic coast included Danes, Norwegians, Norse–Gaels, Orkney Vikings, possibly Swedes, and Anglo-Danes from the English Danelaw under Norse control.",Who upon arriving gave the original viking settlers a common identity?,Rollo,"Upon arriving, Rollo gave the original Viking settlers a common identity. He was a Viking leader who, after being defeated by the Franks, was granted the territory of Normandy in exchange for his loyalty. His arrival and subsequent rule over the region helped to unify the various Viking groups that had settled there, creating a shared identity as Normans."
56de0daecffd8e1900b4b595,"The two most prominent Norman families to arrive in the Mediterranean were descendants of Tancred of Hauteville and the Drengot family, of whom Rainulf Drengot received the county of Aversa, the first Norman toehold in the south, from Duke Sergius IV of Naples in 1030. The Hauteville family achieved princely rank by proclaiming prince Guaimar IV of Salerno ""Duke of Apulia and Calabria"". He promptly awarded their elected leader, William Iron Arm, with the title of count in his capital of Melfi. The Drengot family thereafter attained the principality of Capua, and emperor Henry III legally ennobled the Hauteville leader, Drogo, as ""dux et magister Italiae comesque Normannorum totius Apuliae et Calabriae"" (""Duke and Master of Italy and Count of the Normans of all Apulia and Calabria"") in 1047.",What was the name of the leader ennobled by Henry III,Drogo,The name of the leader ennobled by Henry III was Drogo.
56de0daecffd8e1900b4b596,"The two most prominent Norman families to arrive in the Mediterranean were descendants of Tancred of Hauteville and the Drengot family, of whom Rainulf Drengot received the county of Aversa, the first Norman toehold in the south, from Duke Sergius IV of Naples in 1030. The Hauteville family achieved princely rank by proclaiming prince Guaimar IV of Salerno ""Duke of Apulia and Calabria"". He promptly awarded their elected leader, William Iron Arm, with the title of count in his capital of Melfi. The Drengot family thereafter attained the principality of Capua, and emperor Henry III legally ennobled the Hauteville leader, Drogo, as ""dux et magister Italiae comesque Normannorum totius Apuliae et Calabriae"" (""Duke and Master of Italy and Count of the Normans of all Apulia and Calabria"") in 1047.",Who was Count of Melfi,William Iron Arm,"Based on the context provided, the Count of Melfi was William Iron Arm. He was elected as the leader of the Hauteville family and was awarded the title of count in Melfi by Prince Guaimar IV of Salerno, who had proclaimed himself Duke of Apulia and Calabria."
