id,references,context,question,predictions
56beb4343aeaaa14008c925b,308,﻿ทีมรับของแพนเธอร์สถอดใจที่คะแนน 308 ได้อันดับที่หกของลีก ในขณะที่เป็นผู้นำในเอ็นเอฟแอลด้วยการอินเตอร์เซป 24 ครั้งและได้รับเลือกให้เล่นในโปรโบว์ล สี่ ครั้ง คาวันน์ ชอร์ต ผู้เล่นตำแหน่งดีเฟนซีฟแทคเกิลใน โปรโบว์ล นำทีมด้วยการแซ็ค 11 ครั้ง ในขณะที่ทำให้ฝ่ายตรงข้ามฟัมเบิลไป 3 ครั้งและเอาลูกบอลกลับมาครองได้ สองครั้ง มาริโอ แอดดิสัน เพื่อนร่วมทีมซึ่งเป็นไลน์แมนแซ็คเพิ่มไป 6½ ครั้ง  นอกจากนี้ไลน์ของทีมแพนเธอร์สยังมี จาเรด อัลเลน ซึ่งเป็นดีเฟนซีฟเอนด์ผู้ช่ำช่องที่เคยเข้าร่วมในโปรโบว์ล 5 ครั้ง และเป็นผู้มีสถิตินำจากการแซ็คตลอดอาชีพนักอเมริกันฟุตบอลของ NFL ซึ่งปัจจุบันยังคงเล่นอยู่ โดยทำการแซ็คไป 136 ครั้ง พร้อมด้วย โคนี อีลลี ผู้เล่นตำแหน่งดีเฟนซีฟเอนด์ซึ่งทำการแซ็คไป 5 ครั้งภายในการเปิดเกม 9 ครั้งเท่านั้น  เบื้องหลังพวกเขา ไลน์แบคเกอร์สองในสามคนของทีมแพนเธอร์ส ก็ได้รับเลือกให้เล่นในโปรโบว์ลด้วยเช่นกัน ได้แก่  โธมัส เดวิส และ ลูค คีคลี เดวิสแซ็คไป 5½ ครั้ง ทำให้ฝ่ายตรงข้ามฟัมเบิลสี่ครั้ง และอินเตอร์เซปสี่ครั้ง ในขณะที่คีคลี นำทีมด้วยการแท็คเกิล (118 ครั้ง) ทำให้ฝ่ายตรงข้ามฟัมเบิลสองครั้ง และอินเตอร์เซปสี่ครั้งจากการขว้างลูกบอลของเขาเอง  เคิร์ต โคลแมน ซึ่งเป็นผู้เล่นตำแหน่งแนวรับรองของแคโรไลนา ทำคะแนนจากเซฟตี้ในโปรโบว์ลเขานำทีมด้วยสถิติอินเตอร์เซปสูงถึงเจ็ดครั้งตลอดอาชีพ รวมถึงแท็คเกิล 88 ครั้ง ในขณะที่ จอช นอร์แมน ผู้เล่นในตำแหน่งคอร์เนอร์แบ็กซึ่งกลายมาเป็นชัตดาวน์คอร์เนอร์ระหว่างฤดูกาล และทำอินเตอร์เซปไปสี่ครั้ง ซึ่งสองครั้งในนั้นกลายเป็นทัชดาวน์,ทีมรับของแพนเธอร์สยอมแพ้ที่คะแนนเท่าไร,ทีมรับของแพนเธอร์สยอมแพ้ที่คะแนน 308
56beb4343aeaaa14008c925c,136,﻿ทีมรับของแพนเธอร์สถอดใจที่คะแนน 308 ได้อันดับที่หกของลีก ในขณะที่เป็นผู้นำในเอ็นเอฟแอลด้วยการอินเตอร์เซป 24 ครั้งและได้รับเลือกให้เล่นในโปรโบว์ล สี่ ครั้ง คาวันน์ ชอร์ต ผู้เล่นตำแหน่งดีเฟนซีฟแทคเกิลใน โปรโบว์ล นำทีมด้วยการแซ็ค 11 ครั้ง ในขณะที่ทำให้ฝ่ายตรงข้ามฟัมเบิลไป 3 ครั้งและเอาลูกบอลกลับมาครองได้ สองครั้ง มาริโอ แอดดิสัน เพื่อนร่วมทีมซึ่งเป็นไลน์แมนแซ็คเพิ่มไป 6½ ครั้ง  นอกจากนี้ไลน์ของทีมแพนเธอร์สยังมี จาเรด อัลเลน ซึ่งเป็นดีเฟนซีฟเอนด์ผู้ช่ำช่องที่เคยเข้าร่วมในโปรโบว์ล 5 ครั้ง และเป็นผู้มีสถิตินำจากการแซ็คตลอดอาชีพนักอเมริกันฟุตบอลของ NFL ซึ่งปัจจุบันยังคงเล่นอยู่ โดยทำการแซ็คไป 136 ครั้ง พร้อมด้วย โคนี อีลลี ผู้เล่นตำแหน่งดีเฟนซีฟเอนด์ซึ่งทำการแซ็คไป 5 ครั้งภายในการเปิดเกม 9 ครั้งเท่านั้น  เบื้องหลังพวกเขา ไลน์แบคเกอร์สองในสามคนของทีมแพนเธอร์ส ก็ได้รับเลือกให้เล่นในโปรโบว์ลด้วยเช่นกัน ได้แก่  โธมัส เดวิส และ ลูค คีคลี เดวิสแซ็คไป 5½ ครั้ง ทำให้ฝ่ายตรงข้ามฟัมเบิลสี่ครั้ง และอินเตอร์เซปสี่ครั้ง ในขณะที่คีคลี นำทีมด้วยการแท็คเกิล (118 ครั้ง) ทำให้ฝ่ายตรงข้ามฟัมเบิลสองครั้ง และอินเตอร์เซปสี่ครั้งจากการขว้างลูกบอลของเขาเอง  เคิร์ต โคลแมน ซึ่งเป็นผู้เล่นตำแหน่งแนวรับรองของแคโรไลนา ทำคะแนนจากเซฟตี้ในโปรโบว์ลเขานำทีมด้วยสถิติอินเตอร์เซปสูงถึงเจ็ดครั้งตลอดอาชีพ รวมถึงแท็คเกิล 88 ครั้ง ในขณะที่ จอช นอร์แมน ผู้เล่นในตำแหน่งคอร์เนอร์แบ็กซึ่งกลายมาเป็นชัตดาวน์คอร์เนอร์ระหว่างฤดูกาล และทำอินเตอร์เซปไปสี่ครั้ง ซึ่งสองครั้งในนั้นกลายเป็นทัชดาวน์,จาเรด อัลเลน ทำการแซ็คไปกี่ครั้งตลอดอาชีพ,จาเรด อัลเลน ทำการแซ็คไป 136 ครั้งตลอดอาชีพ
56beb4343aeaaa14008c925d,118,﻿ทีมรับของแพนเธอร์สถอดใจที่คะแนน 308 ได้อันดับที่หกของลีก ในขณะที่เป็นผู้นำในเอ็นเอฟแอลด้วยการอินเตอร์เซป 24 ครั้งและได้รับเลือกให้เล่นในโปรโบว์ล สี่ ครั้ง คาวันน์ ชอร์ต ผู้เล่นตำแหน่งดีเฟนซีฟแทคเกิลใน โปรโบว์ล นำทีมด้วยการแซ็ค 11 ครั้ง ในขณะที่ทำให้ฝ่ายตรงข้ามฟัมเบิลไป 3 ครั้งและเอาลูกบอลกลับมาครองได้ สองครั้ง มาริโอ แอดดิสัน เพื่อนร่วมทีมซึ่งเป็นไลน์แมนแซ็คเพิ่มไป 6½ ครั้ง  นอกจากนี้ไลน์ของทีมแพนเธอร์สยังมี จาเรด อัลเลน ซึ่งเป็นดีเฟนซีฟเอนด์ผู้ช่ำช่องที่เคยเข้าร่วมในโปรโบว์ล 5 ครั้ง และเป็นผู้มีสถิตินำจากการแซ็คตลอดอาชีพนักอเมริกันฟุตบอลของ NFL ซึ่งปัจจุบันยังคงเล่นอยู่ โดยทำการแซ็คไป 136 ครั้ง พร้อมด้วย โคนี อีลลี ผู้เล่นตำแหน่งดีเฟนซีฟเอนด์ซึ่งทำการแซ็คไป 5 ครั้งภายในการเปิดเกม 9 ครั้งเท่านั้น  เบื้องหลังพวกเขา ไลน์แบคเกอร์สองในสามคนของทีมแพนเธอร์ส ก็ได้รับเลือกให้เล่นในโปรโบว์ลด้วยเช่นกัน ได้แก่  โธมัส เดวิส และ ลูค คีคลี เดวิสแซ็คไป 5½ ครั้ง ทำให้ฝ่ายตรงข้ามฟัมเบิลสี่ครั้ง และอินเตอร์เซปสี่ครั้ง ในขณะที่คีคลี นำทีมด้วยการแท็คเกิล (118 ครั้ง) ทำให้ฝ่ายตรงข้ามฟัมเบิลสองครั้ง และอินเตอร์เซปสี่ครั้งจากการขว้างลูกบอลของเขาเอง  เคิร์ต โคลแมน ซึ่งเป็นผู้เล่นตำแหน่งแนวรับรองของแคโรไลนา ทำคะแนนจากเซฟตี้ในโปรโบว์ลเขานำทีมด้วยสถิติอินเตอร์เซปสูงถึงเจ็ดครั้งตลอดอาชีพ รวมถึงแท็คเกิล 88 ครั้ง ในขณะที่ จอช นอร์แมน ผู้เล่นในตำแหน่งคอร์เนอร์แบ็กซึ่งกลายมาเป็นชัตดาวน์คอร์เนอร์ระหว่างฤดูกาล และทำอินเตอร์เซปไปสี่ครั้ง ซึ่งสองครั้งในนั้นกลายเป็นทัชดาวน์,ลูค คีคลี แท็คเกิลไปกี่ครั้ง,118 ครั้ง
56beb4343aeaaa14008c925e,สี่,﻿ทีมรับของแพนเธอร์สถอดใจที่คะแนน 308 ได้อันดับที่หกของลีก ในขณะที่เป็นผู้นำในเอ็นเอฟแอลด้วยการอินเตอร์เซป 24 ครั้งและได้รับเลือกให้เล่นในโปรโบว์ล สี่ ครั้ง คาวันน์ ชอร์ต ผู้เล่นตำแหน่งดีเฟนซีฟแทคเกิลใน โปรโบว์ล นำทีมด้วยการแซ็ค 11 ครั้ง ในขณะที่ทำให้ฝ่ายตรงข้ามฟัมเบิลไป 3 ครั้งและเอาลูกบอลกลับมาครองได้ สองครั้ง มาริโอ แอดดิสัน เพื่อนร่วมทีมซึ่งเป็นไลน์แมนแซ็คเพิ่มไป 6½ ครั้ง  นอกจากนี้ไลน์ของทีมแพนเธอร์สยังมี จาเรด อัลเลน ซึ่งเป็นดีเฟนซีฟเอนด์ผู้ช่ำช่องที่เคยเข้าร่วมในโปรโบว์ล 5 ครั้ง และเป็นผู้มีสถิตินำจากการแซ็คตลอดอาชีพนักอเมริกันฟุตบอลของ NFL ซึ่งปัจจุบันยังคงเล่นอยู่ โดยทำการแซ็คไป 136 ครั้ง พร้อมด้วย โคนี อีลลี ผู้เล่นตำแหน่งดีเฟนซีฟเอนด์ซึ่งทำการแซ็คไป 5 ครั้งภายในการเปิดเกม 9 ครั้งเท่านั้น  เบื้องหลังพวกเขา ไลน์แบคเกอร์สองในสามคนของทีมแพนเธอร์ส ก็ได้รับเลือกให้เล่นในโปรโบว์ลด้วยเช่นกัน ได้แก่  โธมัส เดวิส และ ลูค คีคลี เดวิสแซ็คไป 5½ ครั้ง ทำให้ฝ่ายตรงข้ามฟัมเบิลสี่ครั้ง และอินเตอร์เซปสี่ครั้ง ในขณะที่คีคลี นำทีมด้วยการแท็คเกิล (118 ครั้ง) ทำให้ฝ่ายตรงข้ามฟัมเบิลสองครั้ง และอินเตอร์เซปสี่ครั้งจากการขว้างลูกบอลของเขาเอง  เคิร์ต โคลแมน ซึ่งเป็นผู้เล่นตำแหน่งแนวรับรองของแคโรไลนา ทำคะแนนจากเซฟตี้ในโปรโบว์ลเขานำทีมด้วยสถิติอินเตอร์เซปสูงถึงเจ็ดครั้งตลอดอาชีพ รวมถึงแท็คเกิล 88 ครั้ง ในขณะที่ จอช นอร์แมน ผู้เล่นในตำแหน่งคอร์เนอร์แบ็กซึ่งกลายมาเป็นชัตดาวน์คอร์เนอร์ระหว่างฤดูกาล และทำอินเตอร์เซปไปสี่ครั้ง ซึ่งสองครั้งในนั้นกลายเป็นทัชดาวน์,จอช นอร์แมน อินเตอร์เซปลูกบอลได้กี่ลูก,4 ครั้ง
56beb4343aeaaa14008c925f,คาวันน์ ชอร์ต,﻿ทีมรับของแพนเธอร์สถอดใจที่คะแนน 308 ได้อันดับที่หกของลีก ในขณะที่เป็นผู้นำในเอ็นเอฟแอลด้วยการอินเตอร์เซป 24 ครั้งและได้รับเลือกให้เล่นในโปรโบว์ล สี่ ครั้ง คาวันน์ ชอร์ต ผู้เล่นตำแหน่งดีเฟนซีฟแทคเกิลใน โปรโบว์ล นำทีมด้วยการแซ็ค 11 ครั้ง ในขณะที่ทำให้ฝ่ายตรงข้ามฟัมเบิลไป 3 ครั้งและเอาลูกบอลกลับมาครองได้ สองครั้ง มาริโอ แอดดิสัน เพื่อนร่วมทีมซึ่งเป็นไลน์แมนแซ็คเพิ่มไป 6½ ครั้ง  นอกจากนี้ไลน์ของทีมแพนเธอร์สยังมี จาเรด อัลเลน ซึ่งเป็นดีเฟนซีฟเอนด์ผู้ช่ำช่องที่เคยเข้าร่วมในโปรโบว์ล 5 ครั้ง และเป็นผู้มีสถิตินำจากการแซ็คตลอดอาชีพนักอเมริกันฟุตบอลของ NFL ซึ่งปัจจุบันยังคงเล่นอยู่ โดยทำการแซ็คไป 136 ครั้ง พร้อมด้วย โคนี อีลลี ผู้เล่นตำแหน่งดีเฟนซีฟเอนด์ซึ่งทำการแซ็คไป 5 ครั้งภายในการเปิดเกม 9 ครั้งเท่านั้น  เบื้องหลังพวกเขา ไลน์แบคเกอร์สองในสามคนของทีมแพนเธอร์ส ก็ได้รับเลือกให้เล่นในโปรโบว์ลด้วยเช่นกัน ได้แก่  โธมัส เดวิส และ ลูค คีคลี เดวิสแซ็คไป 5½ ครั้ง ทำให้ฝ่ายตรงข้ามฟัมเบิลสี่ครั้ง และอินเตอร์เซปสี่ครั้ง ในขณะที่คีคลี นำทีมด้วยการแท็คเกิล (118 ครั้ง) ทำให้ฝ่ายตรงข้ามฟัมเบิลสองครั้ง และอินเตอร์เซปสี่ครั้งจากการขว้างลูกบอลของเขาเอง  เคิร์ต โคลแมน ซึ่งเป็นผู้เล่นตำแหน่งแนวรับรองของแคโรไลนา ทำคะแนนจากเซฟตี้ในโปรโบว์ลเขานำทีมด้วยสถิติอินเตอร์เซปสูงถึงเจ็ดครั้งตลอดอาชีพ รวมถึงแท็คเกิล 88 ครั้ง ในขณะที่ จอช นอร์แมน ผู้เล่นในตำแหน่งคอร์เนอร์แบ็กซึ่งกลายมาเป็นชัตดาวน์คอร์เนอร์ระหว่างฤดูกาล และทำอินเตอร์เซปไปสี่ครั้ง ซึ่งสองครั้งในนั้นกลายเป็นทัชดาวน์,ใครทำการแซ็คได้มากที่สุดของทีมในฤดูกาลนี้,คาวันน์ ชอร์ต ทำการแซ็คได้มากที่สุดของทีมในฤดูกาลนี้ ด้วยจำนวน 11 ครั้ง
56d6f3500d65d21400198290,24,﻿ทีมรับของแพนเธอร์สถอดใจที่คะแนน 308 ได้อันดับที่หกของลีก ในขณะที่เป็นผู้นำในเอ็นเอฟแอลด้วยการอินเตอร์เซป 24 ครั้งและได้รับเลือกให้เล่นในโปรโบว์ล สี่ ครั้ง คาวันน์ ชอร์ต ผู้เล่นตำแหน่งดีเฟนซีฟแทคเกิลใน โปรโบว์ล นำทีมด้วยการแซ็ค 11 ครั้ง ในขณะที่ทำให้ฝ่ายตรงข้ามฟัมเบิลไป 3 ครั้งและเอาลูกบอลกลับมาครองได้ สองครั้ง มาริโอ แอดดิสัน เพื่อนร่วมทีมซึ่งเป็นไลน์แมนแซ็คเพิ่มไป 6½ ครั้ง  นอกจากนี้ไลน์ของทีมแพนเธอร์สยังมี จาเรด อัลเลน ซึ่งเป็นดีเฟนซีฟเอนด์ผู้ช่ำช่องที่เคยเข้าร่วมในโปรโบว์ล 5 ครั้ง และเป็นผู้มีสถิตินำจากการแซ็คตลอดอาชีพนักอเมริกันฟุตบอลของ NFL ซึ่งปัจจุบันยังคงเล่นอยู่ โดยทำการแซ็คไป 136 ครั้ง พร้อมด้วย โคนี อีลลี ผู้เล่นตำแหน่งดีเฟนซีฟเอนด์ซึ่งทำการแซ็คไป 5 ครั้งภายในการเปิดเกม 9 ครั้งเท่านั้น  เบื้องหลังพวกเขา ไลน์แบคเกอร์สองในสามคนของทีมแพนเธอร์ส ก็ได้รับเลือกให้เล่นในโปรโบว์ลด้วยเช่นกัน ได้แก่  โธมัส เดวิส และ ลูค คีคลี เดวิสแซ็คไป 5½ ครั้ง ทำให้ฝ่ายตรงข้ามฟัมเบิลสี่ครั้ง และอินเตอร์เซปสี่ครั้ง ในขณะที่คีคลี นำทีมด้วยการแท็คเกิล (118 ครั้ง) ทำให้ฝ่ายตรงข้ามฟัมเบิลสองครั้ง และอินเตอร์เซปสี่ครั้งจากการขว้างลูกบอลของเขาเอง  เคิร์ต โคลแมน ซึ่งเป็นผู้เล่นตำแหน่งแนวรับรองของแคโรไลนา ทำคะแนนจากเซฟตี้ในโปรโบว์ลเขานำทีมด้วยสถิติอินเตอร์เซปสูงถึงเจ็ดครั้งตลอดอาชีพ รวมถึงแท็คเกิล 88 ครั้ง ในขณะที่ จอช นอร์แมน ผู้เล่นในตำแหน่งคอร์เนอร์แบ็กซึ่งกลายมาเป็นชัตดาวน์คอร์เนอร์ระหว่างฤดูกาล และทำอินเตอร์เซปไปสี่ครั้ง ซึ่งสองครั้งในนั้นกลายเป็นทัชดาวน์,ทีมรับของแพนเธอร์ส ทำการอินเตอร์เซปไปกี่ครั้งภายในปี 2015,ทีมรับของแพนเธอร์ส ทำการอินเตอร์เซปไป 24 ครั้ง ในปี 2015
56d6f3500d65d21400198291,คาวันน์ ชอร์ต,﻿ทีมรับของแพนเธอร์สถอดใจที่คะแนน 308 ได้อันดับที่หกของลีก ในขณะที่เป็นผู้นำในเอ็นเอฟแอลด้วยการอินเตอร์เซป 24 ครั้งและได้รับเลือกให้เล่นในโปรโบว์ล สี่ ครั้ง คาวันน์ ชอร์ต ผู้เล่นตำแหน่งดีเฟนซีฟแทคเกิลใน โปรโบว์ล นำทีมด้วยการแซ็ค 11 ครั้ง ในขณะที่ทำให้ฝ่ายตรงข้ามฟัมเบิลไป 3 ครั้งและเอาลูกบอลกลับมาครองได้ สองครั้ง มาริโอ แอดดิสัน เพื่อนร่วมทีมซึ่งเป็นไลน์แมนแซ็คเพิ่มไป 6½ ครั้ง  นอกจากนี้ไลน์ของทีมแพนเธอร์สยังมี จาเรด อัลเลน ซึ่งเป็นดีเฟนซีฟเอนด์ผู้ช่ำช่องที่เคยเข้าร่วมในโปรโบว์ล 5 ครั้ง และเป็นผู้มีสถิตินำจากการแซ็คตลอดอาชีพนักอเมริกันฟุตบอลของ NFL ซึ่งปัจจุบันยังคงเล่นอยู่ โดยทำการแซ็คไป 136 ครั้ง พร้อมด้วย โคนี อีลลี ผู้เล่นตำแหน่งดีเฟนซีฟเอนด์ซึ่งทำการแซ็คไป 5 ครั้งภายในการเปิดเกม 9 ครั้งเท่านั้น  เบื้องหลังพวกเขา ไลน์แบคเกอร์สองในสามคนของทีมแพนเธอร์ส ก็ได้รับเลือกให้เล่นในโปรโบว์ลด้วยเช่นกัน ได้แก่  โธมัส เดวิส และ ลูค คีคลี เดวิสแซ็คไป 5½ ครั้ง ทำให้ฝ่ายตรงข้ามฟัมเบิลสี่ครั้ง และอินเตอร์เซปสี่ครั้ง ในขณะที่คีคลี นำทีมด้วยการแท็คเกิล (118 ครั้ง) ทำให้ฝ่ายตรงข้ามฟัมเบิลสองครั้ง และอินเตอร์เซปสี่ครั้งจากการขว้างลูกบอลของเขาเอง  เคิร์ต โคลแมน ซึ่งเป็นผู้เล่นตำแหน่งแนวรับรองของแคโรไลนา ทำคะแนนจากเซฟตี้ในโปรโบว์ลเขานำทีมด้วยสถิติอินเตอร์เซปสูงถึงเจ็ดครั้งตลอดอาชีพ รวมถึงแท็คเกิล 88 ครั้ง ในขณะที่ จอช นอร์แมน ผู้เล่นในตำแหน่งคอร์เนอร์แบ็กซึ่งกลายมาเป็นชัตดาวน์คอร์เนอร์ระหว่างฤดูกาล และทำอินเตอร์เซปไปสี่ครั้ง ซึ่งสองครั้งในนั้นกลายเป็นทัชดาวน์,ใครเป็นผู้นำของแพนเธอร์สในการแซ็ค,คาวันน์ ชอร์ต ผู้เล่นตำแหน่งดีเฟนซีฟแทคเกิลใน โปรโบว์ล นำทีมแพนเธอร์สในการแซ็คด้วยสถิติ 11 ครั้ง
56d6f3500d65d21400198292,สี่,﻿ทีมรับของแพนเธอร์สถอดใจที่คะแนน 308 ได้อันดับที่หกของลีก ในขณะที่เป็นผู้นำในเอ็นเอฟแอลด้วยการอินเตอร์เซป 24 ครั้งและได้รับเลือกให้เล่นในโปรโบว์ล สี่ ครั้ง คาวันน์ ชอร์ต ผู้เล่นตำแหน่งดีเฟนซีฟแทคเกิลใน โปรโบว์ล นำทีมด้วยการแซ็ค 11 ครั้ง ในขณะที่ทำให้ฝ่ายตรงข้ามฟัมเบิลไป 3 ครั้งและเอาลูกบอลกลับมาครองได้ สองครั้ง มาริโอ แอดดิสัน เพื่อนร่วมทีมซึ่งเป็นไลน์แมนแซ็คเพิ่มไป 6½ ครั้ง  นอกจากนี้ไลน์ของทีมแพนเธอร์สยังมี จาเรด อัลเลน ซึ่งเป็นดีเฟนซีฟเอนด์ผู้ช่ำช่องที่เคยเข้าร่วมในโปรโบว์ล 5 ครั้ง และเป็นผู้มีสถิตินำจากการแซ็คตลอดอาชีพนักอเมริกันฟุตบอลของ NFL ซึ่งปัจจุบันยังคงเล่นอยู่ โดยทำการแซ็คไป 136 ครั้ง พร้อมด้วย โคนี อีลลี ผู้เล่นตำแหน่งดีเฟนซีฟเอนด์ซึ่งทำการแซ็คไป 5 ครั้งภายในการเปิดเกม 9 ครั้งเท่านั้น  เบื้องหลังพวกเขา ไลน์แบคเกอร์สองในสามคนของทีมแพนเธอร์ส ก็ได้รับเลือกให้เล่นในโปรโบว์ลด้วยเช่นกัน ได้แก่  โธมัส เดวิส และ ลูค คีคลี เดวิสแซ็คไป 5½ ครั้ง ทำให้ฝ่ายตรงข้ามฟัมเบิลสี่ครั้ง และอินเตอร์เซปสี่ครั้ง ในขณะที่คีคลี นำทีมด้วยการแท็คเกิล (118 ครั้ง) ทำให้ฝ่ายตรงข้ามฟัมเบิลสองครั้ง และอินเตอร์เซปสี่ครั้งจากการขว้างลูกบอลของเขาเอง  เคิร์ต โคลแมน ซึ่งเป็นผู้เล่นตำแหน่งแนวรับรองของแคโรไลนา ทำคะแนนจากเซฟตี้ในโปรโบว์ลเขานำทีมด้วยสถิติอินเตอร์เซปสูงถึงเจ็ดครั้งตลอดอาชีพ รวมถึงแท็คเกิล 88 ครั้ง ในขณะที่ จอช นอร์แมน ผู้เล่นในตำแหน่งคอร์เนอร์แบ็กซึ่งกลายมาเป็นชัตดาวน์คอร์เนอร์ระหว่างฤดูกาล และทำอินเตอร์เซปไปสี่ครั้ง ซึ่งสองครั้งในนั้นกลายเป็นทัชดาวน์,ผู้เล่นทีมรับของแพนเธอร์สได้รับเลือกให้เล่นในโปรโบว์ลกี่คน,"ผู้เล่นทีมรับของแพนเธอร์สได้รับเลือกให้เล่นในโปรโบว์ล 8 คน ได้แก่ คาวันน์ ชอร์ต, มาริโอ แอดดิสัน, จาเรด อัลเลน, โคนี อีลลี, โธมัส เดวิส, ลูค คีคลี, เคิร์ต โคลแมน และ จอช นอร์แมน"
56d6f3500d65d21400198293,สี่,﻿ทีมรับของแพนเธอร์สถอดใจที่คะแนน 308 ได้อันดับที่หกของลีก ในขณะที่เป็นผู้นำในเอ็นเอฟแอลด้วยการอินเตอร์เซป 24 ครั้งและได้รับเลือกให้เล่นในโปรโบว์ล สี่ ครั้ง คาวันน์ ชอร์ต ผู้เล่นตำแหน่งดีเฟนซีฟแทคเกิลใน โปรโบว์ล นำทีมด้วยการแซ็ค 11 ครั้ง ในขณะที่ทำให้ฝ่ายตรงข้ามฟัมเบิลไป 3 ครั้งและเอาลูกบอลกลับมาครองได้ สองครั้ง มาริโอ แอดดิสัน เพื่อนร่วมทีมซึ่งเป็นไลน์แมนแซ็คเพิ่มไป 6½ ครั้ง  นอกจากนี้ไลน์ของทีมแพนเธอร์สยังมี จาเรด อัลเลน ซึ่งเป็นดีเฟนซีฟเอนด์ผู้ช่ำช่องที่เคยเข้าร่วมในโปรโบว์ล 5 ครั้ง และเป็นผู้มีสถิตินำจากการแซ็คตลอดอาชีพนักอเมริกันฟุตบอลของ NFL ซึ่งปัจจุบันยังคงเล่นอยู่ โดยทำการแซ็คไป 136 ครั้ง พร้อมด้วย โคนี อีลลี ผู้เล่นตำแหน่งดีเฟนซีฟเอนด์ซึ่งทำการแซ็คไป 5 ครั้งภายในการเปิดเกม 9 ครั้งเท่านั้น  เบื้องหลังพวกเขา ไลน์แบคเกอร์สองในสามคนของทีมแพนเธอร์ส ก็ได้รับเลือกให้เล่นในโปรโบว์ลด้วยเช่นกัน ได้แก่  โธมัส เดวิส และ ลูค คีคลี เดวิสแซ็คไป 5½ ครั้ง ทำให้ฝ่ายตรงข้ามฟัมเบิลสี่ครั้ง และอินเตอร์เซปสี่ครั้ง ในขณะที่คีคลี นำทีมด้วยการแท็คเกิล (118 ครั้ง) ทำให้ฝ่ายตรงข้ามฟัมเบิลสองครั้ง และอินเตอร์เซปสี่ครั้งจากการขว้างลูกบอลของเขาเอง  เคิร์ต โคลแมน ซึ่งเป็นผู้เล่นตำแหน่งแนวรับรองของแคโรไลนา ทำคะแนนจากเซฟตี้ในโปรโบว์ลเขานำทีมด้วยสถิติอินเตอร์เซปสูงถึงเจ็ดครั้งตลอดอาชีพ รวมถึงแท็คเกิล 88 ครั้ง ในขณะที่ จอช นอร์แมน ผู้เล่นในตำแหน่งคอร์เนอร์แบ็กซึ่งกลายมาเป็นชัตดาวน์คอร์เนอร์ระหว่างฤดูกาล และทำอินเตอร์เซปไปสี่ครั้ง ซึ่งสองครั้งในนั้นกลายเป็นทัชดาวน์,โธมัส เดวิส ทำให้ฝ่ายตรงข้ามฟัมเบิลไปกี่ครั้ง,โธมัส เดวิส ทำให้ฝ่ายตรงข้ามฟัมเบิลสี่ครั้ง
56d6f3500d65d21400198294,เคิร์ต โคลแมน,﻿ทีมรับของแพนเธอร์สถอดใจที่คะแนน 308 ได้อันดับที่หกของลีก ในขณะที่เป็นผู้นำในเอ็นเอฟแอลด้วยการอินเตอร์เซป 24 ครั้งและได้รับเลือกให้เล่นในโปรโบว์ล สี่ ครั้ง คาวันน์ ชอร์ต ผู้เล่นตำแหน่งดีเฟนซีฟแทคเกิลใน โปรโบว์ล นำทีมด้วยการแซ็ค 11 ครั้ง ในขณะที่ทำให้ฝ่ายตรงข้ามฟัมเบิลไป 3 ครั้งและเอาลูกบอลกลับมาครองได้ สองครั้ง มาริโอ แอดดิสัน เพื่อนร่วมทีมซึ่งเป็นไลน์แมนแซ็คเพิ่มไป 6½ ครั้ง  นอกจากนี้ไลน์ของทีมแพนเธอร์สยังมี จาเรด อัลเลน ซึ่งเป็นดีเฟนซีฟเอนด์ผู้ช่ำช่องที่เคยเข้าร่วมในโปรโบว์ล 5 ครั้ง และเป็นผู้มีสถิตินำจากการแซ็คตลอดอาชีพนักอเมริกันฟุตบอลของ NFL ซึ่งปัจจุบันยังคงเล่นอยู่ โดยทำการแซ็คไป 136 ครั้ง พร้อมด้วย โคนี อีลลี ผู้เล่นตำแหน่งดีเฟนซีฟเอนด์ซึ่งทำการแซ็คไป 5 ครั้งภายในการเปิดเกม 9 ครั้งเท่านั้น  เบื้องหลังพวกเขา ไลน์แบคเกอร์สองในสามคนของทีมแพนเธอร์ส ก็ได้รับเลือกให้เล่นในโปรโบว์ลด้วยเช่นกัน ได้แก่  โธมัส เดวิส และ ลูค คีคลี เดวิสแซ็คไป 5½ ครั้ง ทำให้ฝ่ายตรงข้ามฟัมเบิลสี่ครั้ง และอินเตอร์เซปสี่ครั้ง ในขณะที่คีคลี นำทีมด้วยการแท็คเกิล (118 ครั้ง) ทำให้ฝ่ายตรงข้ามฟัมเบิลสองครั้ง และอินเตอร์เซปสี่ครั้งจากการขว้างลูกบอลของเขาเอง  เคิร์ต โคลแมน ซึ่งเป็นผู้เล่นตำแหน่งแนวรับรองของแคโรไลนา ทำคะแนนจากเซฟตี้ในโปรโบว์ลเขานำทีมด้วยสถิติอินเตอร์เซปสูงถึงเจ็ดครั้งตลอดอาชีพ รวมถึงแท็คเกิล 88 ครั้ง ในขณะที่ จอช นอร์แมน ผู้เล่นในตำแหน่งคอร์เนอร์แบ็กซึ่งกลายมาเป็นชัตดาวน์คอร์เนอร์ระหว่างฤดูกาล และทำอินเตอร์เซปไปสี่ครั้ง ซึ่งสองครั้งในนั้นกลายเป็นทัชดาวน์,ผู้เล่นคนใดทำการอินเตอร์เซปสูงสุดในฤดูกาล,เคิร์ต โคลแมน ทำการอินเตอร์เซปสูงสุดในฤดูกาลด้วยสถิติเจ็ดครั้งตลอดอาชีพ
56d9992fdc89441400fdb59c,24,﻿ทีมรับของแพนเธอร์สถอดใจที่คะแนน 308 ได้อันดับที่หกของลีก ในขณะที่เป็นผู้นำในเอ็นเอฟแอลด้วยการอินเตอร์เซป 24 ครั้งและได้รับเลือกให้เล่นในโปรโบว์ล สี่ ครั้ง คาวันน์ ชอร์ต ผู้เล่นตำแหน่งดีเฟนซีฟแทคเกิลใน โปรโบว์ล นำทีมด้วยการแซ็ค 11 ครั้ง ในขณะที่ทำให้ฝ่ายตรงข้ามฟัมเบิลไป 3 ครั้งและเอาลูกบอลกลับมาครองได้ สองครั้ง มาริโอ แอดดิสัน เพื่อนร่วมทีมซึ่งเป็นไลน์แมนแซ็คเพิ่มไป 6½ ครั้ง  นอกจากนี้ไลน์ของทีมแพนเธอร์สยังมี จาเรด อัลเลน ซึ่งเป็นดีเฟนซีฟเอนด์ผู้ช่ำช่องที่เคยเข้าร่วมในโปรโบว์ล 5 ครั้ง และเป็นผู้มีสถิตินำจากการแซ็คตลอดอาชีพนักอเมริกันฟุตบอลของ NFL ซึ่งปัจจุบันยังคงเล่นอยู่ โดยทำการแซ็คไป 136 ครั้ง พร้อมด้วย โคนี อีลลี ผู้เล่นตำแหน่งดีเฟนซีฟเอนด์ซึ่งทำการแซ็คไป 5 ครั้งภายในการเปิดเกม 9 ครั้งเท่านั้น  เบื้องหลังพวกเขา ไลน์แบคเกอร์สองในสามคนของทีมแพนเธอร์ส ก็ได้รับเลือกให้เล่นในโปรโบว์ลด้วยเช่นกัน ได้แก่  โธมัส เดวิส และ ลูค คีคลี เดวิสแซ็คไป 5½ ครั้ง ทำให้ฝ่ายตรงข้ามฟัมเบิลสี่ครั้ง และอินเตอร์เซปสี่ครั้ง ในขณะที่คีคลี นำทีมด้วยการแท็คเกิล (118 ครั้ง) ทำให้ฝ่ายตรงข้ามฟัมเบิลสองครั้ง และอินเตอร์เซปสี่ครั้งจากการขว้างลูกบอลของเขาเอง  เคิร์ต โคลแมน ซึ่งเป็นผู้เล่นตำแหน่งแนวรับรองของแคโรไลนา ทำคะแนนจากเซฟตี้ในโปรโบว์ลเขานำทีมด้วยสถิติอินเตอร์เซปสูงถึงเจ็ดครั้งตลอดอาชีพ รวมถึงแท็คเกิล 88 ครั้ง ในขณะที่ จอช นอร์แมน ผู้เล่นในตำแหน่งคอร์เนอร์แบ็กซึ่งกลายมาเป็นชัตดาวน์คอร์เนอร์ระหว่างฤดูกาล และทำอินเตอร์เซปไปสี่ครั้ง ซึ่งสองครั้งในนั้นกลายเป็นทัชดาวน์,ในฤดูกาล 2015 ทีมรับของแพนเธอร์สทำการอินเตอร์เซปกี่ครั้ง,ทีมรับของแพนเธอร์สทำการอินเตอร์เซป 24 ครั้งในฤดูกาล 2015
56d9992fdc89441400fdb59e,โคนี อีลลี,﻿ทีมรับของแพนเธอร์สถอดใจที่คะแนน 308 ได้อันดับที่หกของลีก ในขณะที่เป็นผู้นำในเอ็นเอฟแอลด้วยการอินเตอร์เซป 24 ครั้งและได้รับเลือกให้เล่นในโปรโบว์ล สี่ ครั้ง คาวันน์ ชอร์ต ผู้เล่นตำแหน่งดีเฟนซีฟแทคเกิลใน โปรโบว์ล นำทีมด้วยการแซ็ค 11 ครั้ง ในขณะที่ทำให้ฝ่ายตรงข้ามฟัมเบิลไป 3 ครั้งและเอาลูกบอลกลับมาครองได้ สองครั้ง มาริโอ แอดดิสัน เพื่อนร่วมทีมซึ่งเป็นไลน์แมนแซ็คเพิ่มไป 6½ ครั้ง  นอกจากนี้ไลน์ของทีมแพนเธอร์สยังมี จาเรด อัลเลน ซึ่งเป็นดีเฟนซีฟเอนด์ผู้ช่ำช่องที่เคยเข้าร่วมในโปรโบว์ล 5 ครั้ง และเป็นผู้มีสถิตินำจากการแซ็คตลอดอาชีพนักอเมริกันฟุตบอลของ NFL ซึ่งปัจจุบันยังคงเล่นอยู่ โดยทำการแซ็คไป 136 ครั้ง พร้อมด้วย โคนี อีลลี ผู้เล่นตำแหน่งดีเฟนซีฟเอนด์ซึ่งทำการแซ็คไป 5 ครั้งภายในการเปิดเกม 9 ครั้งเท่านั้น  เบื้องหลังพวกเขา ไลน์แบคเกอร์สองในสามคนของทีมแพนเธอร์ส ก็ได้รับเลือกให้เล่นในโปรโบว์ลด้วยเช่นกัน ได้แก่  โธมัส เดวิส และ ลูค คีคลี เดวิสแซ็คไป 5½ ครั้ง ทำให้ฝ่ายตรงข้ามฟัมเบิลสี่ครั้ง และอินเตอร์เซปสี่ครั้ง ในขณะที่คีคลี นำทีมด้วยการแท็คเกิล (118 ครั้ง) ทำให้ฝ่ายตรงข้ามฟัมเบิลสองครั้ง และอินเตอร์เซปสี่ครั้งจากการขว้างลูกบอลของเขาเอง  เคิร์ต โคลแมน ซึ่งเป็นผู้เล่นตำแหน่งแนวรับรองของแคโรไลนา ทำคะแนนจากเซฟตี้ในโปรโบว์ลเขานำทีมด้วยสถิติอินเตอร์เซปสูงถึงเจ็ดครั้งตลอดอาชีพ รวมถึงแท็คเกิล 88 ครั้ง ในขณะที่ จอช นอร์แมน ผู้เล่นในตำแหน่งคอร์เนอร์แบ็กซึ่งกลายมาเป็นชัตดาวน์คอร์เนอร์ระหว่างฤดูกาล และทำอินเตอร์เซปไปสี่ครั้ง ซึ่งสองครั้งในนั้นกลายเป็นทัชดาวน์,ใครแซ็คได้ห้าครั้งในเก้าเกมในฐานะผู้เปิดเกมของแคโรไลนาแพนเธอร์ส,โคนี อีลลี ผู้เล่นตำแหน่งดีเฟนซีฟเอนด์ แซ็คได้ห้าครั้งในเก้าเกมในฐานะผู้เปิดเกมของแคโรไลนาแพนเธอร์ส
56d9992fdc89441400fdb59f,ลูค คีคลี,﻿ทีมรับของแพนเธอร์สถอดใจที่คะแนน 308 ได้อันดับที่หกของลีก ในขณะที่เป็นผู้นำในเอ็นเอฟแอลด้วยการอินเตอร์เซป 24 ครั้งและได้รับเลือกให้เล่นในโปรโบว์ล สี่ ครั้ง คาวันน์ ชอร์ต ผู้เล่นตำแหน่งดีเฟนซีฟแทคเกิลใน โปรโบว์ล นำทีมด้วยการแซ็ค 11 ครั้ง ในขณะที่ทำให้ฝ่ายตรงข้ามฟัมเบิลไป 3 ครั้งและเอาลูกบอลกลับมาครองได้ สองครั้ง มาริโอ แอดดิสัน เพื่อนร่วมทีมซึ่งเป็นไลน์แมนแซ็คเพิ่มไป 6½ ครั้ง  นอกจากนี้ไลน์ของทีมแพนเธอร์สยังมี จาเรด อัลเลน ซึ่งเป็นดีเฟนซีฟเอนด์ผู้ช่ำช่องที่เคยเข้าร่วมในโปรโบว์ล 5 ครั้ง และเป็นผู้มีสถิตินำจากการแซ็คตลอดอาชีพนักอเมริกันฟุตบอลของ NFL ซึ่งปัจจุบันยังคงเล่นอยู่ โดยทำการแซ็คไป 136 ครั้ง พร้อมด้วย โคนี อีลลี ผู้เล่นตำแหน่งดีเฟนซีฟเอนด์ซึ่งทำการแซ็คไป 5 ครั้งภายในการเปิดเกม 9 ครั้งเท่านั้น  เบื้องหลังพวกเขา ไลน์แบคเกอร์สองในสามคนของทีมแพนเธอร์ส ก็ได้รับเลือกให้เล่นในโปรโบว์ลด้วยเช่นกัน ได้แก่  โธมัส เดวิส และ ลูค คีคลี เดวิสแซ็คไป 5½ ครั้ง ทำให้ฝ่ายตรงข้ามฟัมเบิลสี่ครั้ง และอินเตอร์เซปสี่ครั้ง ในขณะที่คีคลี นำทีมด้วยการแท็คเกิล (118 ครั้ง) ทำให้ฝ่ายตรงข้ามฟัมเบิลสองครั้ง และอินเตอร์เซปสี่ครั้งจากการขว้างลูกบอลของเขาเอง  เคิร์ต โคลแมน ซึ่งเป็นผู้เล่นตำแหน่งแนวรับรองของแคโรไลนา ทำคะแนนจากเซฟตี้ในโปรโบว์ลเขานำทีมด้วยสถิติอินเตอร์เซปสูงถึงเจ็ดครั้งตลอดอาชีพ รวมถึงแท็คเกิล 88 ครั้ง ในขณะที่ จอช นอร์แมน ผู้เล่นในตำแหน่งคอร์เนอร์แบ็กซึ่งกลายมาเป็นชัตดาวน์คอร์เนอร์ระหว่างฤดูกาล และทำอินเตอร์เซปไปสี่ครั้ง ซึ่งสองครั้งในนั้นกลายเป็นทัชดาวน์,ใครคือผู้นำการแทคเกิลของแพนเธอร์สในปี 2015,ลูค คีคลี
56d9992fdc89441400fdb5a0,สองครั้ง,﻿ทีมรับของแพนเธอร์สถอดใจที่คะแนน 308 ได้อันดับที่หกของลีก ในขณะที่เป็นผู้นำในเอ็นเอฟแอลด้วยการอินเตอร์เซป 24 ครั้งและได้รับเลือกให้เล่นในโปรโบว์ล สี่ ครั้ง คาวันน์ ชอร์ต ผู้เล่นตำแหน่งดีเฟนซีฟแทคเกิลใน โปรโบว์ล นำทีมด้วยการแซ็ค 11 ครั้ง ในขณะที่ทำให้ฝ่ายตรงข้ามฟัมเบิลไป 3 ครั้งและเอาลูกบอลกลับมาครองได้ สองครั้ง มาริโอ แอดดิสัน เพื่อนร่วมทีมซึ่งเป็นไลน์แมนแซ็คเพิ่มไป 6½ ครั้ง  นอกจากนี้ไลน์ของทีมแพนเธอร์สยังมี จาเรด อัลเลน ซึ่งเป็นดีเฟนซีฟเอนด์ผู้ช่ำช่องที่เคยเข้าร่วมในโปรโบว์ล 5 ครั้ง และเป็นผู้มีสถิตินำจากการแซ็คตลอดอาชีพนักอเมริกันฟุตบอลของ NFL ซึ่งปัจจุบันยังคงเล่นอยู่ โดยทำการแซ็คไป 136 ครั้ง พร้อมด้วย โคนี อีลลี ผู้เล่นตำแหน่งดีเฟนซีฟเอนด์ซึ่งทำการแซ็คไป 5 ครั้งภายในการเปิดเกม 9 ครั้งเท่านั้น  เบื้องหลังพวกเขา ไลน์แบคเกอร์สองในสามคนของทีมแพนเธอร์ส ก็ได้รับเลือกให้เล่นในโปรโบว์ลด้วยเช่นกัน ได้แก่  โธมัส เดวิส และ ลูค คีคลี เดวิสแซ็คไป 5½ ครั้ง ทำให้ฝ่ายตรงข้ามฟัมเบิลสี่ครั้ง และอินเตอร์เซปสี่ครั้ง ในขณะที่คีคลี นำทีมด้วยการแท็คเกิล (118 ครั้ง) ทำให้ฝ่ายตรงข้ามฟัมเบิลสองครั้ง และอินเตอร์เซปสี่ครั้งจากการขว้างลูกบอลของเขาเอง  เคิร์ต โคลแมน ซึ่งเป็นผู้เล่นตำแหน่งแนวรับรองของแคโรไลนา ทำคะแนนจากเซฟตี้ในโปรโบว์ลเขานำทีมด้วยสถิติอินเตอร์เซปสูงถึงเจ็ดครั้งตลอดอาชีพ รวมถึงแท็คเกิล 88 ครั้ง ในขณะที่ จอช นอร์แมน ผู้เล่นในตำแหน่งคอร์เนอร์แบ็กซึ่งกลายมาเป็นชัตดาวน์คอร์เนอร์ระหว่างฤดูกาล และทำอินเตอร์เซปไปสี่ครั้ง ซึ่งสองครั้งในนั้นกลายเป็นทัชดาวน์,จอช นอร์แมน ทำทัชดาวน์จากการอินเตอร์เซปกี่ครั้งในปี 2015,2 ครั้ง
56beb7953aeaaa14008c92ab,พิตต์สเบิร์ก สตีลเลอร์ส,ทีมบรอนคอส เอาชนะทีม พิตต์สเบิร์ก สตีลเลอร์ส ในรอบดิวิชั่น 23–16 ด้วยการทำ 11 คะแนนในสามนาทีสุดท้ายของเกม  จากนั้นพวกเขาก็เอาชนะทีมรับของ นิวอิงแลนด์แพทริออตส์ ซึ่งเป็นแชมป์ซูเปอร์โบว์ลครั้งที่ 49 ในการแข่งขันแชมป์ชิงเอเอฟซี 20–18 ด้วยการอินเตอร์เซปการขว้างลูกของนิวอิงแลนด์ที่พยายามทำ 2 คะแนนหลังทัชดาวน์ โดยมีเวลาเหลือ 17 วินาที  ถึงแม้ แมนนิง จะมีปัญหากับการอินเตอร์เซปในฤดูกาลนี้ แต่เขาก็ไม่ได้ขว้างลูกบอลเลยในการแข่งขันเพลย์ออฟทั้งสองครั้งของพวกเขา,ใครพ่ายแพ้ให้แก่ทีมบรอนคอสในรอบดิวิชั่น,ทีม พิตต์สเบิร์ก สตีลเลอร์ส
56beb7953aeaaa14008c92ac,11,ทีมบรอนคอส เอาชนะทีม พิตต์สเบิร์ก สตีลเลอร์ส ในรอบดิวิชั่น 23–16 ด้วยการทำ 11 คะแนนในสามนาทีสุดท้ายของเกม  จากนั้นพวกเขาก็เอาชนะทีมรับของ นิวอิงแลนด์แพทริออตส์ ซึ่งเป็นแชมป์ซูเปอร์โบว์ลครั้งที่ 49 ในการแข่งขันแชมป์ชิงเอเอฟซี 20–18 ด้วยการอินเตอร์เซปการขว้างลูกของนิวอิงแลนด์ที่พยายามทำ 2 คะแนนหลังทัชดาวน์ โดยมีเวลาเหลือ 17 วินาที  ถึงแม้ แมนนิง จะมีปัญหากับการอินเตอร์เซปในฤดูกาลนี้ แต่เขาก็ไม่ได้ขว้างลูกบอลเลยในการแข่งขันเพลย์ออฟทั้งสองครั้งของพวกเขา,ทีมบรอนคอสทำคะแนนได้เท่าไรในสามนาทีสุดท้ายของการแข่งขันกับทีมพิตต์สเบิร์ก,ทีมบรอนคอสทำคะแนนได้ 11 คะแนนในสามนาทีสุดท้ายของการแข่งขันกับทีมพิตต์สเบิร์ก
56beb7953aeaaa14008c92ad,นิวอิงแลนด์แพทริออตส์,ทีมบรอนคอส เอาชนะทีม พิตต์สเบิร์ก สตีลเลอร์ส ในรอบดิวิชั่น 23–16 ด้วยการทำ 11 คะแนนในสามนาทีสุดท้ายของเกม  จากนั้นพวกเขาก็เอาชนะทีมรับของ นิวอิงแลนด์แพทริออตส์ ซึ่งเป็นแชมป์ซูเปอร์โบว์ลครั้งที่ 49 ในการแข่งขันแชมป์ชิงเอเอฟซี 20–18 ด้วยการอินเตอร์เซปการขว้างลูกของนิวอิงแลนด์ที่พยายามทำ 2 คะแนนหลังทัชดาวน์ โดยมีเวลาเหลือ 17 วินาที  ถึงแม้ แมนนิง จะมีปัญหากับการอินเตอร์เซปในฤดูกาลนี้ แต่เขาก็ไม่ได้ขว้างลูกบอลเลยในการแข่งขันเพลย์ออฟทั้งสองครั้งของพวกเขา,ใครชนะในการแข่งขันซูเปอร์โบว์ลครั้งที่ 49,ทีมบรอนคอส เอาชนะทีมรับของ นิวอิงแลนด์แพทริออตส์ ซึ่งเป็นแชมป์ซูเปอร์โบว์ลครั้งที่ 49 ในการแข่งขันแชมป์ชิงเอเอฟซี 20–18 ด้วยการอินเตอร์เซปการขว้างลูกของนิวอิงแลนด์ที่พยายามทำ 2 คะแนนหลังทัชดาวน์ โดยมีเวลาเหลือ 17 วินาที
56beb7953aeaaa14008c92ae,20–18,ทีมบรอนคอส เอาชนะทีม พิตต์สเบิร์ก สตีลเลอร์ส ในรอบดิวิชั่น 23–16 ด้วยการทำ 11 คะแนนในสามนาทีสุดท้ายของเกม  จากนั้นพวกเขาก็เอาชนะทีมรับของ นิวอิงแลนด์แพทริออตส์ ซึ่งเป็นแชมป์ซูเปอร์โบว์ลครั้งที่ 49 ในการแข่งขันแชมป์ชิงเอเอฟซี 20–18 ด้วยการอินเตอร์เซปการขว้างลูกของนิวอิงแลนด์ที่พยายามทำ 2 คะแนนหลังทัชดาวน์ โดยมีเวลาเหลือ 17 วินาที  ถึงแม้ แมนนิง จะมีปัญหากับการอินเตอร์เซปในฤดูกาลนี้ แต่เขาก็ไม่ได้ขว้างลูกบอลเลยในการแข่งขันเพลย์ออฟทั้งสองครั้งของพวกเขา,ผลคะแนนของการแข่งขันชิงแชมป์เอเอฟซี คือเท่าไร,20–18
56beb7953aeaaa14008c92af,17 วินาที,ทีมบรอนคอส เอาชนะทีม พิตต์สเบิร์ก สตีลเลอร์ส ในรอบดิวิชั่น 23–16 ด้วยการทำ 11 คะแนนในสามนาทีสุดท้ายของเกม  จากนั้นพวกเขาก็เอาชนะทีมรับของ นิวอิงแลนด์แพทริออตส์ ซึ่งเป็นแชมป์ซูเปอร์โบว์ลครั้งที่ 49 ในการแข่งขันแชมป์ชิงเอเอฟซี 20–18 ด้วยการอินเตอร์เซปการขว้างลูกของนิวอิงแลนด์ที่พยายามทำ 2 คะแนนหลังทัชดาวน์ โดยมีเวลาเหลือ 17 วินาที  ถึงแม้ แมนนิง จะมีปัญหากับการอินเตอร์เซปในฤดูกาลนี้ แต่เขาก็ไม่ได้ขว้างลูกบอลเลยในการแข่งขันเพลย์ออฟทั้งสองครั้งของพวกเขา,ยังมีเวลาเหลือเท่าไรตอนที่ทีมบรอนคอสทำการอินเตอร์เซป ซึ่งทำให้การแข่งขันชิงแชมป์เอเอฟซีถึงบทสรุป,มีเวลาเหลือ 17 วินาที ตอนที่ทีมบรอนคอสทำการอินเตอร์เซป ซึ่งทำให้การแข่งขันชิงแชมป์เอเอฟซีถึงบทสรุป
56bf36b93aeaaa14008c9561,ทีมบรอนคอส,ทีมบรอนคอส เอาชนะทีม พิตต์สเบิร์ก สตีลเลอร์ส ในรอบดิวิชั่น 23–16 ด้วยการทำ 11 คะแนนในสามนาทีสุดท้ายของเกม  จากนั้นพวกเขาก็เอาชนะทีมรับของ นิวอิงแลนด์แพทริออตส์ ซึ่งเป็นแชมป์ซูเปอร์โบว์ลครั้งที่ 49 ในการแข่งขันแชมป์ชิงเอเอฟซี 20–18 ด้วยการอินเตอร์เซปการขว้างลูกของนิวอิงแลนด์ที่พยายามทำ 2 คะแนนหลังทัชดาวน์ โดยมีเวลาเหลือ 17 วินาที  ถึงแม้ แมนนิง จะมีปัญหากับการอินเตอร์เซปในฤดูกาลนี้ แต่เขาก็ไม่ได้ขว้างลูกบอลเลยในการแข่งขันเพลย์ออฟทั้งสองครั้งของพวกเขา,ระหว่างทีมบรอนคอสและทีมสตีลเลอร์ส ใครเป็นฝ่ายชนะในรอบดิวิชั่น,ทีมบรอนคอส เอาชนะทีม พิตต์สเบิร์ก สตีลเลอร์ส ในรอบดิวิชั่น 23–16 ด้วยการทำ 11 คะแนนในสามนาทีสุดท้ายของเกม
56bf36b93aeaaa14008c9562,23–16,ทีมบรอนคอส เอาชนะทีม พิตต์สเบิร์ก สตีลเลอร์ส ในรอบดิวิชั่น 23–16 ด้วยการทำ 11 คะแนนในสามนาทีสุดท้ายของเกม  จากนั้นพวกเขาก็เอาชนะทีมรับของ นิวอิงแลนด์แพทริออตส์ ซึ่งเป็นแชมป์ซูเปอร์โบว์ลครั้งที่ 49 ในการแข่งขันแชมป์ชิงเอเอฟซี 20–18 ด้วยการอินเตอร์เซปการขว้างลูกของนิวอิงแลนด์ที่พยายามทำ 2 คะแนนหลังทัชดาวน์ โดยมีเวลาเหลือ 17 วินาที  ถึงแม้ แมนนิง จะมีปัญหากับการอินเตอร์เซปในฤดูกาลนี้ แต่เขาก็ไม่ได้ขว้างลูกบอลเลยในการแข่งขันเพลย์ออฟทั้งสองครั้งของพวกเขา,ผลคะแนนการแข่งขันระหว่างทีมบรอนคอสและทีมสตีลเลอร์สคือเท่าไร,23–16
56bf36b93aeaaa14008c9563,นิวอิงแลนด์แพทริออตส์,ทีมบรอนคอส เอาชนะทีม พิตต์สเบิร์ก สตีลเลอร์ส ในรอบดิวิชั่น 23–16 ด้วยการทำ 11 คะแนนในสามนาทีสุดท้ายของเกม  จากนั้นพวกเขาก็เอาชนะทีมรับของ นิวอิงแลนด์แพทริออตส์ ซึ่งเป็นแชมป์ซูเปอร์โบว์ลครั้งที่ 49 ในการแข่งขันแชมป์ชิงเอเอฟซี 20–18 ด้วยการอินเตอร์เซปการขว้างลูกของนิวอิงแลนด์ที่พยายามทำ 2 คะแนนหลังทัชดาวน์ โดยมีเวลาเหลือ 17 วินาที  ถึงแม้ แมนนิง จะมีปัญหากับการอินเตอร์เซปในฤดูกาลนี้ แต่เขาก็ไม่ได้ขว้างลูกบอลเลยในการแข่งขันเพลย์ออฟทั้งสองครั้งของพวกเขา,ใครชนะในการแข่งขันซูเปอร์โบว์ลครั้งที่ 49,ทีมบรอนคอส เอาชนะทีมรับของ นิวอิงแลนด์แพทริออตส์ ซึ่งเป็นแชมป์ซูเปอร์โบว์ลครั้งที่ 49 ในการแข่งขันแชมป์ชิงเอเอฟซี 20–18 ด้วยการอินเตอร์เซปการขว้างลูกของนิวอิงแลนด์ที่พยายามทำ 2 คะแนนหลังทัชดาวน์ โดยมีเวลาเหลือ 17 วินาที
56bf36b93aeaaa14008c9564,17,ทีมบรอนคอส เอาชนะทีม พิตต์สเบิร์ก สตีลเลอร์ส ในรอบดิวิชั่น 23–16 ด้วยการทำ 11 คะแนนในสามนาทีสุดท้ายของเกม  จากนั้นพวกเขาก็เอาชนะทีมรับของ นิวอิงแลนด์แพทริออตส์ ซึ่งเป็นแชมป์ซูเปอร์โบว์ลครั้งที่ 49 ในการแข่งขันแชมป์ชิงเอเอฟซี 20–18 ด้วยการอินเตอร์เซปการขว้างลูกของนิวอิงแลนด์ที่พยายามทำ 2 คะแนนหลังทัชดาวน์ โดยมีเวลาเหลือ 17 วินาที  ถึงแม้ แมนนิง จะมีปัญหากับการอินเตอร์เซปในฤดูกาลนี้ แต่เขาก็ไม่ได้ขว้างลูกบอลเลยในการแข่งขันเพลย์ออฟทั้งสองครั้งของพวกเขา,เหลือเวลาอีกกี่วินาทีตอนที่บรอนคอสอินเตอร์เซปลูกที่ขว้างมาจนทำให้ชนะในเกมนั้น,17 วินาที
56bf36b93aeaaa14008c9565,แมนนิง,ทีมบรอนคอส เอาชนะทีม พิตต์สเบิร์ก สตีลเลอร์ส ในรอบดิวิชั่น 23–16 ด้วยการทำ 11 คะแนนในสามนาทีสุดท้ายของเกม  จากนั้นพวกเขาก็เอาชนะทีมรับของ นิวอิงแลนด์แพทริออตส์ ซึ่งเป็นแชมป์ซูเปอร์โบว์ลครั้งที่ 49 ในการแข่งขันแชมป์ชิงเอเอฟซี 20–18 ด้วยการอินเตอร์เซปการขว้างลูกของนิวอิงแลนด์ที่พยายามทำ 2 คะแนนหลังทัชดาวน์ โดยมีเวลาเหลือ 17 วินาที  ถึงแม้ แมนนิง จะมีปัญหากับการอินเตอร์เซปในฤดูกาลนี้ แต่เขาก็ไม่ได้ขว้างลูกบอลเลยในการแข่งขันเพลย์ออฟทั้งสองครั้งของพวกเขา,ระหว่างการแข่งขันเพลย์ออฟ ใครไม่ได้ขว้างลูกบอลเลย,แมนนิง
56d7018a0d65d214001982c2,พิตต์สเบิร์ก สตีลเลอร์ส,ทีมบรอนคอส เอาชนะทีม พิตต์สเบิร์ก สตีลเลอร์ส ในรอบดิวิชั่น 23–16 ด้วยการทำ 11 คะแนนในสามนาทีสุดท้ายของเกม  จากนั้นพวกเขาก็เอาชนะทีมรับของ นิวอิงแลนด์แพทริออตส์ ซึ่งเป็นแชมป์ซูเปอร์โบว์ลครั้งที่ 49 ในการแข่งขันแชมป์ชิงเอเอฟซี 20–18 ด้วยการอินเตอร์เซปการขว้างลูกของนิวอิงแลนด์ที่พยายามทำ 2 คะแนนหลังทัชดาวน์ โดยมีเวลาเหลือ 17 วินาที  ถึงแม้ แมนนิง จะมีปัญหากับการอินเตอร์เซปในฤดูกาลนี้ แต่เขาก็ไม่ได้ขว้างลูกบอลเลยในการแข่งขันเพลย์ออฟทั้งสองครั้งของพวกเขา,ทีมบรอนคอสเอาชนะทีมใดในการแข่งขันรอบดิวิชั่น,ทีมบรอนคอส เอาชนะทีม พิตต์สเบิร์ก สตีลเลอร์ส ในรอบดิวิชั่น 23–16 ด้วยการทำ 11 คะแนนในสามนาทีสุดท้ายของเกม
56d7018a0d65d214001982c3,11,ทีมบรอนคอส เอาชนะทีม พิตต์สเบิร์ก สตีลเลอร์ส ในรอบดิวิชั่น 23–16 ด้วยการทำ 11 คะแนนในสามนาทีสุดท้ายของเกม  จากนั้นพวกเขาก็เอาชนะทีมรับของ นิวอิงแลนด์แพทริออตส์ ซึ่งเป็นแชมป์ซูเปอร์โบว์ลครั้งที่ 49 ในการแข่งขันแชมป์ชิงเอเอฟซี 20–18 ด้วยการอินเตอร์เซปการขว้างลูกของนิวอิงแลนด์ที่พยายามทำ 2 คะแนนหลังทัชดาวน์ โดยมีเวลาเหลือ 17 วินาที  ถึงแม้ แมนนิง จะมีปัญหากับการอินเตอร์เซปในฤดูกาลนี้ แต่เขาก็ไม่ได้ขว้างลูกบอลเลยในการแข่งขันเพลย์ออฟทั้งสองครั้งของพวกเขา,ทีมบรอนคอสทำคะแนนได้เท่าไรในสามนาทีสุดท้ายของการแข่งขันกับทีมพิตตส์เบิร์ก,ทีมบรอนคอสทำคะแนนได้ 11 คะแนนในสามนาทีสุดท้ายของการแข่งขันกับทีมพิตต์สเบิร์ก
56d7018a0d65d214001982c5,นิวอิงแลนด์แพทริออตส์,ทีมบรอนคอส เอาชนะทีม พิตต์สเบิร์ก สตีลเลอร์ส ในรอบดิวิชั่น 23–16 ด้วยการทำ 11 คะแนนในสามนาทีสุดท้ายของเกม  จากนั้นพวกเขาก็เอาชนะทีมรับของ นิวอิงแลนด์แพทริออตส์ ซึ่งเป็นแชมป์ซูเปอร์โบว์ลครั้งที่ 49 ในการแข่งขันแชมป์ชิงเอเอฟซี 20–18 ด้วยการอินเตอร์เซปการขว้างลูกของนิวอิงแลนด์ที่พยายามทำ 2 คะแนนหลังทัชดาวน์ โดยมีเวลาเหลือ 17 วินาที  ถึงแม้ แมนนิง จะมีปัญหากับการอินเตอร์เซปในฤดูกาลนี้ แต่เขาก็ไม่ได้ขว้างลูกบอลเลยในการแข่งขันเพลย์ออฟทั้งสองครั้งของพวกเขา,ทีมบรอนคอสเอาชนะทีมใดในการแข่งขันชิงแชมป์เอเอฟซี,ทีมบรอนคอสเอาชนะทีมนิวอิงแลนด์แพทริออตส์ในการแข่งขันชิงแชมป์เอเอฟซี
56d99f99dc89441400fdb628,พิตต์สเบิร์ก สตีลเลอร์ส,ทีมบรอนคอส เอาชนะทีม พิตต์สเบิร์ก สตีลเลอร์ส ในรอบดิวิชั่น 23–16 ด้วยการทำ 11 คะแนนในสามนาทีสุดท้ายของเกม  จากนั้นพวกเขาก็เอาชนะทีมรับของ นิวอิงแลนด์แพทริออตส์ ซึ่งเป็นแชมป์ซูเปอร์โบว์ลครั้งที่ 49 ในการแข่งขันแชมป์ชิงเอเอฟซี 20–18 ด้วยการอินเตอร์เซปการขว้างลูกของนิวอิงแลนด์ที่พยายามทำ 2 คะแนนหลังทัชดาวน์ โดยมีเวลาเหลือ 17 วินาที  ถึงแม้ แมนนิง จะมีปัญหากับการอินเตอร์เซปในฤดูกาลนี้ แต่เขาก็ไม่ได้ขว้างลูกบอลเลยในการแข่งขันเพลย์ออฟทั้งสองครั้งของพวกเขา,ทีมบรอนคอสเอาชนะทีมใดในการชนะการแข่งขันรอบดิวิชั่นในปี 2015,ทีมบรอนคอส เอาชนะทีม พิตต์สเบิร์ก สตีลเลอร์ส ในรอบดิวิชั่น 23–16 ด้วยการทำ 11 คะแนนในสามนาทีสุดท้ายของเกม
56d99f99dc89441400fdb629,นิวอิงแลนด์แพทริออตส์,ทีมบรอนคอส เอาชนะทีม พิตต์สเบิร์ก สตีลเลอร์ส ในรอบดิวิชั่น 23–16 ด้วยการทำ 11 คะแนนในสามนาทีสุดท้ายของเกม  จากนั้นพวกเขาก็เอาชนะทีมรับของ นิวอิงแลนด์แพทริออตส์ ซึ่งเป็นแชมป์ซูเปอร์โบว์ลครั้งที่ 49 ในการแข่งขันแชมป์ชิงเอเอฟซี 20–18 ด้วยการอินเตอร์เซปการขว้างลูกของนิวอิงแลนด์ที่พยายามทำ 2 คะแนนหลังทัชดาวน์ โดยมีเวลาเหลือ 17 วินาที  ถึงแม้ แมนนิง จะมีปัญหากับการอินเตอร์เซปในฤดูกาลนี้ แต่เขาก็ไม่ได้ขว้างลูกบอลเลยในการแข่งขันเพลย์ออฟทั้งสองครั้งของพวกเขา,ทีมบรอนคอสเอาชนะทีมใดในการเป็นแชมป์ในการแข่งขันชิงแชมป์เอเอฟซี,ทีมบรอนคอสเอาชนะทีมรับของ นิวอิงแลนด์แพทริออตส์ ซึ่งเป็นแชมป์ซูเปอร์โบว์ลครั้งที่ 49 ในการแข่งขันแชมป์ชิงเอเอฟซี 20–18 ด้วยการอินเตอร์เซปการขว้างลูกของนิวอิงแลนด์ที่พยายามทำ 2 คะแนนหลังทัชดาวน์ โดยมีเวลาเหลือ 17 วินาที
56d99f99dc89441400fdb62c,17,ทีมบรอนคอส เอาชนะทีม พิตต์สเบิร์ก สตีลเลอร์ส ในรอบดิวิชั่น 23–16 ด้วยการทำ 11 คะแนนในสามนาทีสุดท้ายของเกม  จากนั้นพวกเขาก็เอาชนะทีมรับของ นิวอิงแลนด์แพทริออตส์ ซึ่งเป็นแชมป์ซูเปอร์โบว์ลครั้งที่ 49 ในการแข่งขันแชมป์ชิงเอเอฟซี 20–18 ด้วยการอินเตอร์เซปการขว้างลูกของนิวอิงแลนด์ที่พยายามทำ 2 คะแนนหลังทัชดาวน์ โดยมีเวลาเหลือ 17 วินาที  ถึงแม้ แมนนิง จะมีปัญหากับการอินเตอร์เซปในฤดูกาลนี้ แต่เขาก็ไม่ได้ขว้างลูกบอลเลยในการแข่งขันเพลย์ออฟทั้งสองครั้งของพวกเขา,เหลือเวลาอีกกี่วินาทีตอนที่ทีมแพทริออตส์พลาดในการทำ 2 คะแนนหลังทัชดาวน์,17 วินาที
56beb86b3aeaaa14008c92bd,39,เพย์ตัน แมนนิง กลายเป็นควอเตอร์แบ็กคนแรกที่นำ สอง ทีมไปสู่ซูเปอร์โบว์ลหลายครั้ง  เขายังเป็นควอเตอร์แบ็กที่อายุมากที่สุดที่เคยเล่นในซูเปอร์โบว์ลอีกด้วย โดยมีอายุ 39 ปี  สถิติเดิมเป็นของ จอห์น เอลเวย์ ซึ่งนำทีม บรอนคอส ไปสู่ชัยชนะในการแข่งขัน ซูเปอร์โบว์ลครั้งที่ 33 เมื่ออายุ 38 ปี และปัจจุบันเขาคือ รองประธานผู้บริหารทีมฟุตบอลและผู้จัดการทั่วไป ของเดนเวอร์,เพย์ตัน แมนนิง อายุเท่าไรตอนที่เขาเล่นในซูเปอร์โบว์ลครั้งที่ 50,39 ปี
56beb86b3aeaaa14008c92be,จอห์น เอลเวย์,เพย์ตัน แมนนิง กลายเป็นควอเตอร์แบ็กคนแรกที่นำ สอง ทีมไปสู่ซูเปอร์โบว์ลหลายครั้ง  เขายังเป็นควอเตอร์แบ็กที่อายุมากที่สุดที่เคยเล่นในซูเปอร์โบว์ลอีกด้วย โดยมีอายุ 39 ปี  สถิติเดิมเป็นของ จอห์น เอลเวย์ ซึ่งนำทีม บรอนคอส ไปสู่ชัยชนะในการแข่งขัน ซูเปอร์โบว์ลครั้งที่ 33 เมื่ออายุ 38 ปี และปัจจุบันเขาคือ รองประธานผู้บริหารทีมฟุตบอลและผู้จัดการทั่วไป ของเดนเวอร์,ก่อนหน้านี้ใครเป็นเจ้าของสถิติควอเตอร์แบ็กที่อายุมากที่สุดที่เล่นในซูเปอร์โบว์ล,จอห์น เอลเวย์
56beb86b3aeaaa14008c92bf,38,เพย์ตัน แมนนิง กลายเป็นควอเตอร์แบ็กคนแรกที่นำ สอง ทีมไปสู่ซูเปอร์โบว์ลหลายครั้ง  เขายังเป็นควอเตอร์แบ็กที่อายุมากที่สุดที่เคยเล่นในซูเปอร์โบว์ลอีกด้วย โดยมีอายุ 39 ปี  สถิติเดิมเป็นของ จอห์น เอลเวย์ ซึ่งนำทีม บรอนคอส ไปสู่ชัยชนะในการแข่งขัน ซูเปอร์โบว์ลครั้งที่ 33 เมื่ออายุ 38 ปี และปัจจุบันเขาคือ รองประธานผู้บริหารทีมฟุตบอลและผู้จัดการทั่วไป ของเดนเวอร์,จอห์น เอลเวย์ อายุเท่าไรตอนที่เขาเล่นในซูเปอร์โบว์ลครั้งที่ 33,จอห์น เอลเวย์ อายุ 38 ปี ตอนที่เขาเล่นในซูเปอร์โบว์ลครั้งที่ 33
56beb86b3aeaaa14008c92c0,รองประธานผู้บริหารทีมฟุตบอลและผู้จัดการทั่วไป,เพย์ตัน แมนนิง กลายเป็นควอเตอร์แบ็กคนแรกที่นำ สอง ทีมไปสู่ซูเปอร์โบว์ลหลายครั้ง  เขายังเป็นควอเตอร์แบ็กที่อายุมากที่สุดที่เคยเล่นในซูเปอร์โบว์ลอีกด้วย โดยมีอายุ 39 ปี  สถิติเดิมเป็นของ จอห์น เอลเวย์ ซึ่งนำทีม บรอนคอส ไปสู่ชัยชนะในการแข่งขัน ซูเปอร์โบว์ลครั้งที่ 33 เมื่ออายุ 38 ปี และปัจจุบันเขาคือ รองประธานผู้บริหารทีมฟุตบอลและผู้จัดการทั่วไป ของเดนเวอร์,ปัจจุบัน จอห์น เอลเวย์ มีบทบาทอะไรในเครือของบรอนคอส,ปัจจุบัน จอห์น เอลเวย์ เป็นรองประธานผู้บริหารทีมฟุตบอลและผู้จัดการทั่วไป ของเดนเวอร์ บรอนคอส
56beb86b3aeaaa14008c92c1,บรอนคอส,เพย์ตัน แมนนิง กลายเป็นควอเตอร์แบ็กคนแรกที่นำ สอง ทีมไปสู่ซูเปอร์โบว์ลหลายครั้ง  เขายังเป็นควอเตอร์แบ็กที่อายุมากที่สุดที่เคยเล่นในซูเปอร์โบว์ลอีกด้วย โดยมีอายุ 39 ปี  สถิติเดิมเป็นของ จอห์น เอลเวย์ ซึ่งนำทีม บรอนคอส ไปสู่ชัยชนะในการแข่งขัน ซูเปอร์โบว์ลครั้งที่ 33 เมื่ออายุ 38 ปี และปัจจุบันเขาคือ รองประธานผู้บริหารทีมฟุตบอลและผู้จัดการทั่วไป ของเดนเวอร์,จอห์น เอลเวย์ เล่นให้ทีมใดในซูเปอร์โบว์ลครั้งที่ 33,จอห์น เอลเวย์ เล่นให้ทีม บรอนคอส ในซูเปอร์โบว์ลครั้งที่ 33
56bf3fd53aeaaa14008c9591,บรอนคอส,เพย์ตัน แมนนิง กลายเป็นควอเตอร์แบ็กคนแรกที่นำ สอง ทีมไปสู่ซูเปอร์โบว์ลหลายครั้ง  เขายังเป็นควอเตอร์แบ็กที่อายุมากที่สุดที่เคยเล่นในซูเปอร์โบว์ลอีกด้วย โดยมีอายุ 39 ปี  สถิติเดิมเป็นของ จอห์น เอลเวย์ ซึ่งนำทีม บรอนคอส ไปสู่ชัยชนะในการแข่งขัน ซูเปอร์โบว์ลครั้งที่ 33 เมื่ออายุ 38 ปี และปัจจุบันเขาคือ รองประธานผู้บริหารทีมฟุตบอลและผู้จัดการทั่วไป ของเดนเวอร์,ทีมใดชนะในการแข่งขันซูเปอร์โบว์ลครั้งที่ 33,บรอนคอส
56bf3fd53aeaaa14008c9592,จอห์น เอลเวย์,เพย์ตัน แมนนิง กลายเป็นควอเตอร์แบ็กคนแรกที่นำ สอง ทีมไปสู่ซูเปอร์โบว์ลหลายครั้ง  เขายังเป็นควอเตอร์แบ็กที่อายุมากที่สุดที่เคยเล่นในซูเปอร์โบว์ลอีกด้วย โดยมีอายุ 39 ปี  สถิติเดิมเป็นของ จอห์น เอลเวย์ ซึ่งนำทีม บรอนคอส ไปสู่ชัยชนะในการแข่งขัน ซูเปอร์โบว์ลครั้งที่ 33 เมื่ออายุ 38 ปี และปัจจุบันเขาคือ รองประธานผู้บริหารทีมฟุตบอลและผู้จัดการทั่วไป ของเดนเวอร์,ใครคือผู้จัดการทั่วไปของบรอนคอส,จอห์น เอลเวย์
56bf3fd53aeaaa14008c9593,38,เพย์ตัน แมนนิง กลายเป็นควอเตอร์แบ็กคนแรกที่นำ สอง ทีมไปสู่ซูเปอร์โบว์ลหลายครั้ง  เขายังเป็นควอเตอร์แบ็กที่อายุมากที่สุดที่เคยเล่นในซูเปอร์โบว์ลอีกด้วย โดยมีอายุ 39 ปี  สถิติเดิมเป็นของ จอห์น เอลเวย์ ซึ่งนำทีม บรอนคอส ไปสู่ชัยชนะในการแข่งขัน ซูเปอร์โบว์ลครั้งที่ 33 เมื่ออายุ 38 ปี และปัจจุบันเขาคือ รองประธานผู้บริหารทีมฟุตบอลและผู้จัดการทั่วไป ของเดนเวอร์,เอลเวย์ อายุเท่าไรตอนที่ชนะในการแข่งขันซูเปอร์โบว์ลครั้งที่ 33,38 ปี
56bf3fd53aeaaa14008c9594,เพย์ตัน แมนนิง,เพย์ตัน แมนนิง กลายเป็นควอเตอร์แบ็กคนแรกที่นำ สอง ทีมไปสู่ซูเปอร์โบว์ลหลายครั้ง  เขายังเป็นควอเตอร์แบ็กที่อายุมากที่สุดที่เคยเล่นในซูเปอร์โบว์ลอีกด้วย โดยมีอายุ 39 ปี  สถิติเดิมเป็นของ จอห์น เอลเวย์ ซึ่งนำทีม บรอนคอส ไปสู่ชัยชนะในการแข่งขัน ซูเปอร์โบว์ลครั้งที่ 33 เมื่ออายุ 38 ปี และปัจจุบันเขาคือ รองประธานผู้บริหารทีมฟุตบอลและผู้จัดการทั่วไป ของเดนเวอร์,ใครเป็นเจ้าของสถิติควอเตอร์แบ็กที่อายุมากที่สุดที่เล่นในซูเปอร์โบว์ลทุกครั้งที่ผ่านมา,จอห์น เอลเวย์
56bf3fd53aeaaa14008c9595,สอง,เพย์ตัน แมนนิง กลายเป็นควอเตอร์แบ็กคนแรกที่นำ สอง ทีมไปสู่ซูเปอร์โบว์ลหลายครั้ง  เขายังเป็นควอเตอร์แบ็กที่อายุมากที่สุดที่เคยเล่นในซูเปอร์โบว์ลอีกด้วย โดยมีอายุ 39 ปี  สถิติเดิมเป็นของ จอห์น เอลเวย์ ซึ่งนำทีม บรอนคอส ไปสู่ชัยชนะในการแข่งขัน ซูเปอร์โบว์ลครั้งที่ 33 เมื่ออายุ 38 ปี และปัจจุบันเขาคือ รองประธานผู้บริหารทีมฟุตบอลและผู้จัดการทั่วไป ของเดนเวอร์,แมนนิง เคยเล่นให้กี่ทีมซึ่งได้ไปแข่งในซูเปอร์โบว์ลขณะที่เขาอยู่ในทีม,สองทีม
56d704430d65d214001982de,สอง,เพย์ตัน แมนนิง กลายเป็นควอเตอร์แบ็กคนแรกที่นำ สอง ทีมไปสู่ซูเปอร์โบว์ลหลายครั้ง  เขายังเป็นควอเตอร์แบ็กที่อายุมากที่สุดที่เคยเล่นในซูเปอร์โบว์ลอีกด้วย โดยมีอายุ 39 ปี  สถิติเดิมเป็นของ จอห์น เอลเวย์ ซึ่งนำทีม บรอนคอส ไปสู่ชัยชนะในการแข่งขัน ซูเปอร์โบว์ลครั้งที่ 33 เมื่ออายุ 38 ปี และปัจจุบันเขาคือ รองประธานผู้บริหารทีมฟุตบอลและผู้จัดการทั่วไป ของเดนเวอร์,เพย์ตัน แมนนิง พากี่ทีมไปสู่ซูเปอร์โบว์ล,สองทีม
56d704430d65d214001982e0,เพย์ตัน แมนนิง,เพย์ตัน แมนนิง กลายเป็นควอเตอร์แบ็กคนแรกที่นำ สอง ทีมไปสู่ซูเปอร์โบว์ลหลายครั้ง  เขายังเป็นควอเตอร์แบ็กที่อายุมากที่สุดที่เคยเล่นในซูเปอร์โบว์ลอีกด้วย โดยมีอายุ 39 ปี  สถิติเดิมเป็นของ จอห์น เอลเวย์ ซึ่งนำทีม บรอนคอส ไปสู่ชัยชนะในการแข่งขัน ซูเปอร์โบว์ลครั้งที่ 33 เมื่ออายุ 38 ปี และปัจจุบันเขาคือ รองประธานผู้บริหารทีมฟุตบอลและผู้จัดการทั่วไป ของเดนเวอร์,ใครคือควอเตอร์แบ็กที่อายุมากที่สุดที่เล่นในซูเปอร์โบว์ล,จอห์น เอลเวย์
56d704430d65d214001982e1,จอห์น เอลเวย์,เพย์ตัน แมนนิง กลายเป็นควอเตอร์แบ็กคนแรกที่นำ สอง ทีมไปสู่ซูเปอร์โบว์ลหลายครั้ง  เขายังเป็นควอเตอร์แบ็กที่อายุมากที่สุดที่เคยเล่นในซูเปอร์โบว์ลอีกด้วย โดยมีอายุ 39 ปี  สถิติเดิมเป็นของ จอห์น เอลเวย์ ซึ่งนำทีม บรอนคอส ไปสู่ชัยชนะในการแข่งขัน ซูเปอร์โบว์ลครั้งที่ 33 เมื่ออายุ 38 ปี และปัจจุบันเขาคือ รองประธานผู้บริหารทีมฟุตบอลและผู้จัดการทั่วไป ของเดนเวอร์,ใครคือควอเตอร์แบ็กที่อายุมากที่สุดที่เล่นในซูเปอร์โบว์ล,จอห์น เอลเวย์
56d704430d65d214001982e2,ซูเปอร์โบว์ลครั้งที่ 33,เพย์ตัน แมนนิง กลายเป็นควอเตอร์แบ็กคนแรกที่นำ สอง ทีมไปสู่ซูเปอร์โบว์ลหลายครั้ง  เขายังเป็นควอเตอร์แบ็กที่อายุมากที่สุดที่เคยเล่นในซูเปอร์โบว์ลอีกด้วย โดยมีอายุ 39 ปี  สถิติเดิมเป็นของ จอห์น เอลเวย์ ซึ่งนำทีม บรอนคอส ไปสู่ชัยชนะในการแข่งขัน ซูเปอร์โบว์ลครั้งที่ 33 เมื่ออายุ 38 ปี และปัจจุบันเขาคือ รองประธานผู้บริหารทีมฟุตบอลและผู้จัดการทั่วไป ของเดนเวอร์,การแข่งขันซูเปอร์โบว์ลครั้งที่เท่าไรที่ เอลเวย์ชนะเมื่อเขาอายุ 38 ปี,การแข่งขันซูเปอร์โบว์ลครั้งที่ 33 ที่ เอลเวย์ชนะเมื่อเขาอายุ 38 ปี
56d9a0eadc89441400fdb63e,เพย์ตัน แมนนิง,เพย์ตัน แมนนิง กลายเป็นควอเตอร์แบ็กคนแรกที่นำ สอง ทีมไปสู่ซูเปอร์โบว์ลหลายครั้ง  เขายังเป็นควอเตอร์แบ็กที่อายุมากที่สุดที่เคยเล่นในซูเปอร์โบว์ลอีกด้วย โดยมีอายุ 39 ปี  สถิติเดิมเป็นของ จอห์น เอลเวย์ ซึ่งนำทีม บรอนคอส ไปสู่ชัยชนะในการแข่งขัน ซูเปอร์โบว์ลครั้งที่ 33 เมื่ออายุ 38 ปี และปัจจุบันเขาคือ รองประธานผู้บริหารทีมฟุตบอลและผู้จัดการทั่วไป ของเดนเวอร์,ใครคือควอเตอร์แบ็กคนแรกที่พาทีมไปสู่ซูเปอร์โบว์ลมากกว่าหนึ่งครั้ง,เพย์ตัน แมนนิง
56d9a0eadc89441400fdb63f,39,เพย์ตัน แมนนิง กลายเป็นควอเตอร์แบ็กคนแรกที่นำ สอง ทีมไปสู่ซูเปอร์โบว์ลหลายครั้ง  เขายังเป็นควอเตอร์แบ็กที่อายุมากที่สุดที่เคยเล่นในซูเปอร์โบว์ลอีกด้วย โดยมีอายุ 39 ปี  สถิติเดิมเป็นของ จอห์น เอลเวย์ ซึ่งนำทีม บรอนคอส ไปสู่ชัยชนะในการแข่งขัน ซูเปอร์โบว์ลครั้งที่ 33 เมื่ออายุ 38 ปี และปัจจุบันเขาคือ รองประธานผู้บริหารทีมฟุตบอลและผู้จัดการทั่วไป ของเดนเวอร์,แมนนิง อายุเท่าไรตอนที่เขาเล่นในซูเปอร์โบว์ลครั้งที่ 50,39 ปี
56d9a0eadc89441400fdb640,จอห์น เอลเวย์,เพย์ตัน แมนนิง กลายเป็นควอเตอร์แบ็กคนแรกที่นำ สอง ทีมไปสู่ซูเปอร์โบว์ลหลายครั้ง  เขายังเป็นควอเตอร์แบ็กที่อายุมากที่สุดที่เคยเล่นในซูเปอร์โบว์ลอีกด้วย โดยมีอายุ 39 ปี  สถิติเดิมเป็นของ จอห์น เอลเวย์ ซึ่งนำทีม บรอนคอส ไปสู่ชัยชนะในการแข่งขัน ซูเปอร์โบว์ลครั้งที่ 33 เมื่ออายุ 38 ปี และปัจจุบันเขาคือ รองประธานผู้บริหารทีมฟุตบอลและผู้จัดการทั่วไป ของเดนเวอร์,ควอเตอร์แบ็กที่มีอายุ 38 ปีในการแข่งขันซูเปอร์โบว์ลครั้งที่ 33 มีชื่อว่าอะไร,จอห์น เอลเวย์
56bec6ac3aeaaa14008c93fd,หก,เลดีกากา ซึ่งชนะรางวัลแกรมมี หก รางวัล และได้เข้าชิงรางวัล อคาเดมี เป็นผู้ขับร้อง เพลงชาติ ในขณะที่ มาร์ลี แมตลิน ผู้ชนะรางวัลอคาเดมีเป็นผู้แปลให้เป็น ภาษามือแบบอเมริกัน,เลดีกากา ชนะแกรมมีกี่รางวัล,หกรางวัล
56bec6ac3aeaaa14008c93fe,เพลงชาติ,เลดีกากา ซึ่งชนะรางวัลแกรมมี หก รางวัล และได้เข้าชิงรางวัล อคาเดมี เป็นผู้ขับร้อง เพลงชาติ ในขณะที่ มาร์ลี แมตลิน ผู้ชนะรางวัลอคาเดมีเป็นผู้แปลให้เป็น ภาษามือแบบอเมริกัน,เลดีกากา ร้องเพลงอะไร,เพลงชาติ
56bec6ac3aeaaa14008c93ff,อคาเดมี,เลดีกากา ซึ่งชนะรางวัลแกรมมี หก รางวัล และได้เข้าชิงรางวัล อคาเดมี เป็นผู้ขับร้อง เพลงชาติ ในขณะที่ มาร์ลี แมตลิน ผู้ชนะรางวัลอคาเดมีเป็นผู้แปลให้เป็น ภาษามือแบบอเมริกัน,มาร์ลี แมตลิน ชนะรางวัลอะไร,มาร์ลี แมตลิน ชนะรางวัลอคาเดมี
56bec6ac3aeaaa14008c9400,เพลงชาติ,เลดีกากา ซึ่งชนะรางวัลแกรมมี หก รางวัล และได้เข้าชิงรางวัล อคาเดมี เป็นผู้ขับร้อง เพลงชาติ ในขณะที่ มาร์ลี แมตลิน ผู้ชนะรางวัลอคาเดมีเป็นผู้แปลให้เป็น ภาษามือแบบอเมริกัน,มาร์ลี แมตลิน แปลอะไร,มาร์ลี แมตลิน แปลเพลงชาติ
56bec6ac3aeaaa14008c9401,ภาษามือแบบอเมริกัน,เลดีกากา ซึ่งชนะรางวัลแกรมมี หก รางวัล และได้เข้าชิงรางวัล อคาเดมี เป็นผู้ขับร้อง เพลงชาติ ในขณะที่ มาร์ลี แมตลิน ผู้ชนะรางวัลอคาเดมีเป็นผู้แปลให้เป็น ภาษามือแบบอเมริกัน,มาร์ลี แมตลิน แปลเพลงชาติให้เป็นภาษาอะไร,ภาษามือแบบอเมริกัน
56d20650e7d4791d00902614,เลดีกากา,เลดีกากา ซึ่งชนะรางวัลแกรมมี หก รางวัล และได้เข้าชิงรางวัล อคาเดมี เป็นผู้ขับร้อง เพลงชาติ ในขณะที่ มาร์ลี แมตลิน ผู้ชนะรางวัลอคาเดมีเป็นผู้แปลให้เป็น ภาษามือแบบอเมริกัน,ใครเป็นผู้ร้องเพลงชาติ,เลดีกากา
56d20650e7d4791d00902615,มาร์ลี แมตลิน,เลดีกากา ซึ่งชนะรางวัลแกรมมี หก รางวัล และได้เข้าชิงรางวัล อคาเดมี เป็นผู้ขับร้อง เพลงชาติ ในขณะที่ มาร์ลี แมตลิน ผู้ชนะรางวัลอคาเดมีเป็นผู้แปลให้เป็น ภาษามือแบบอเมริกัน,นักแสดงหญิงคนใดเป็นผู้แปลภาษามือให้แก่เกม,มาร์ลี แมตลิน
56d7253b0d65d214001983d4,เลดีกากา,เลดีกากา ซึ่งชนะรางวัลแกรมมี หก รางวัล และได้เข้าชิงรางวัล อคาเดมี เป็นผู้ขับร้อง เพลงชาติ ในขณะที่ มาร์ลี แมตลิน ผู้ชนะรางวัลอคาเดมีเป็นผู้แปลให้เป็น ภาษามือแบบอเมริกัน,ใครเป็นผู้ร้องเพลงชาติในการแข่งขัน Super Bowl 50,เลดีกากา
56d7253b0d65d214001983d5,มาร์ลี แมตลิน,เลดีกากา ซึ่งชนะรางวัลแกรมมี หก รางวัล และได้เข้าชิงรางวัล อคาเดมี เป็นผู้ขับร้อง เพลงชาติ ในขณะที่ มาร์ลี แมตลิน ผู้ชนะรางวัลอคาเดมีเป็นผู้แปลให้เป็น ภาษามือแบบอเมริกัน,นักแสดงคนใดเป็นผู้แปลเพลงชาติให้เป็นภาษามือในการแข่งขันซูเปอร์โบว์ลครั้งที่ 50,มาร์ลี แมตลิน
56d9c455dc89441400fdb7c4,เลดีกากา,เลดีกากา ซึ่งชนะรางวัลแกรมมี หก รางวัล และได้เข้าชิงรางวัล อคาเดมี เป็นผู้ขับร้อง เพลงชาติ ในขณะที่ มาร์ลี แมตลิน ผู้ชนะรางวัลอคาเดมีเป็นผู้แปลให้เป็น ภาษามือแบบอเมริกัน,ใครเป็นผู้ร้องเพลงชาติในการแข่งขันซูเปอร์โบว์ลครั้งที่ 50,เลดีกากา
56d9c455dc89441400fdb7c5,หก,เลดีกากา ซึ่งชนะรางวัลแกรมมี หก รางวัล และได้เข้าชิงรางวัล อคาเดมี เป็นผู้ขับร้อง เพลงชาติ ในขณะที่ มาร์ลี แมตลิน ผู้ชนะรางวัลอคาเดมีเป็นผู้แปลให้เป็น ภาษามือแบบอเมริกัน,ข้อความนี้กล่าวว่า เลดีกากา ชนะแกรมมีกี่รางวัล,ข้อความนี้กล่าวว่า เลดีกากา ชนะรางวัลแกรมมี หกรางวัล
56d9c455dc89441400fdb7c6,มาร์ลี แมตลิน,เลดีกากา ซึ่งชนะรางวัลแกรมมี หก รางวัล และได้เข้าชิงรางวัล อคาเดมี เป็นผู้ขับร้อง เพลงชาติ ในขณะที่ มาร์ลี แมตลิน ผู้ชนะรางวัลอคาเดมีเป็นผู้แปลให้เป็น ภาษามือแบบอเมริกัน,ใครเป็นผู้แปลเพลงชาติให้เป็นภาษามือในการแข่งขันซูเปอร์โบว์ลครั้งที่ 50,มาร์ลี แมตลิน
56beca913aeaaa14008c946d,24,ขณะที่เหลือเวลาอีก 4:51 นาทีแคโรไลนาได้ครองลูกบอลที่เส้น 24 หลาในเขตของตัวเอง โดยมีโอกาสทำคะแนนนำไปสู่ชัยชนะ และในไม่ช้าก็ไปถึงเส้นที่ 3 หลาตัดกับ 9 หลา  ในการเล่นครั้งต่อไป มิลเลอร์ แย่งลูกบอลมาจาก นิวตัน และหลังจากที่ผู้เล่นหลายคนพุ่งเข้าหาลูกบอล  มันก็กระเด้งถอยหลังไปไกล และถูก วอร์ด แย่งกลับไปได้ เขาวิ่งกลับไปเป็นระยะห้าหลาไปที่เส้น 4 หลาของแพนเธอร์ส  แม้ว่าผู้เล่นหลายคนจะพุ่งเข้าไปกองทับกันเพื่อพยายามแย่งลูกบอล แต่นิวตันไม่ได้ทำเช่นนั้น และภายหลังเขาก็ถูกวิจารณ์ว่าขาดความรุนแรงในการเล่น ในระหว่างนั้น ทีมรุกของเดนเวอร์ถูกกันให้อยู่นอกเอนด์โซน สาม เกม แต่การที่ จอช นอร์แมน ซึ่งเป็นคอร์เนอร์แบ็กได้รับโทษจากการดึงแขน ทำให้บรอนคอสได้ดาวน์เพิ่มไปหลายดาวน์  หลังจากนั้น แอนเดอร์สัน ก็ทำคะแนนทัชดาวน์โดยวิ่งเป็นระยะทาง 2 หลา และแมนนิงก็ขว้างลูกไปให้ เบนนี ฟาวเลอร์ เพื่อทำ 2 คะแนนหลังทัชดาวน์ ทำให้เดนเวอร์นำไป 24-10 ในขณะที่มีเวลาเหลืออีก 3:08 นาที และเป็นฝ่ายได้เปรียบในเกม  แคโรไลนายังเหลือการเล่นอีกสองครั้ง แต่ไปไม่ถึงดาวน์แรกทั้งสองครั้ง,แคโรไลนาเริ่มเล่นที่เส้นหลาที่เท่าไรเมื่อมีเวลาเหลืออีก 4:51 นาที,แคโรไลนาเริ่มเล่นที่เส้น 24 หลาในเขตของตัวเองเมื่อมีเวลาเหลืออีก 4:51 นาที
56beca913aeaaa14008c946e,นิวตัน,ขณะที่เหลือเวลาอีก 4:51 นาทีแคโรไลนาได้ครองลูกบอลที่เส้น 24 หลาในเขตของตัวเอง โดยมีโอกาสทำคะแนนนำไปสู่ชัยชนะ และในไม่ช้าก็ไปถึงเส้นที่ 3 หลาตัดกับ 9 หลา  ในการเล่นครั้งต่อไป มิลเลอร์ แย่งลูกบอลมาจาก นิวตัน และหลังจากที่ผู้เล่นหลายคนพุ่งเข้าหาลูกบอล  มันก็กระเด้งถอยหลังไปไกล และถูก วอร์ด แย่งกลับไปได้ เขาวิ่งกลับไปเป็นระยะห้าหลาไปที่เส้น 4 หลาของแพนเธอร์ส  แม้ว่าผู้เล่นหลายคนจะพุ่งเข้าไปกองทับกันเพื่อพยายามแย่งลูกบอล แต่นิวตันไม่ได้ทำเช่นนั้น และภายหลังเขาก็ถูกวิจารณ์ว่าขาดความรุนแรงในการเล่น ในระหว่างนั้น ทีมรุกของเดนเวอร์ถูกกันให้อยู่นอกเอนด์โซน สาม เกม แต่การที่ จอช นอร์แมน ซึ่งเป็นคอร์เนอร์แบ็กได้รับโทษจากการดึงแขน ทำให้บรอนคอสได้ดาวน์เพิ่มไปหลายดาวน์  หลังจากนั้น แอนเดอร์สัน ก็ทำคะแนนทัชดาวน์โดยวิ่งเป็นระยะทาง 2 หลา และแมนนิงก็ขว้างลูกไปให้ เบนนี ฟาวเลอร์ เพื่อทำ 2 คะแนนหลังทัชดาวน์ ทำให้เดนเวอร์นำไป 24-10 ในขณะที่มีเวลาเหลืออีก 3:08 นาที และเป็นฝ่ายได้เปรียบในเกม  แคโรไลนายังเหลือการเล่นอีกสองครั้ง แต่ไปไม่ถึงดาวน์แรกทั้งสองครั้ง,ใครฟัมเบิลลูกบอลที่เส้น 3 หลาตัดกับเส้น 9 หลา,ไม่มีคำตอบที่ชัดเจนในข้อมูลที่ให้มา แต่จากบริบทของบทความ แสดงให้เห็นว่า มิลเลอร์ แย่งลูกบอลมาจาก นิวตัน ที่เส้น 3 หลาตัดกับ 9 หลา
56beca913aeaaa14008c946f,จอช นอร์แมน,ขณะที่เหลือเวลาอีก 4:51 นาทีแคโรไลนาได้ครองลูกบอลที่เส้น 24 หลาในเขตของตัวเอง โดยมีโอกาสทำคะแนนนำไปสู่ชัยชนะ และในไม่ช้าก็ไปถึงเส้นที่ 3 หลาตัดกับ 9 หลา  ในการเล่นครั้งต่อไป มิลเลอร์ แย่งลูกบอลมาจาก นิวตัน และหลังจากที่ผู้เล่นหลายคนพุ่งเข้าหาลูกบอล  มันก็กระเด้งถอยหลังไปไกล และถูก วอร์ด แย่งกลับไปได้ เขาวิ่งกลับไปเป็นระยะห้าหลาไปที่เส้น 4 หลาของแพนเธอร์ส  แม้ว่าผู้เล่นหลายคนจะพุ่งเข้าไปกองทับกันเพื่อพยายามแย่งลูกบอล แต่นิวตันไม่ได้ทำเช่นนั้น และภายหลังเขาก็ถูกวิจารณ์ว่าขาดความรุนแรงในการเล่น ในระหว่างนั้น ทีมรุกของเดนเวอร์ถูกกันให้อยู่นอกเอนด์โซน สาม เกม แต่การที่ จอช นอร์แมน ซึ่งเป็นคอร์เนอร์แบ็กได้รับโทษจากการดึงแขน ทำให้บรอนคอสได้ดาวน์เพิ่มไปหลายดาวน์  หลังจากนั้น แอนเดอร์สัน ก็ทำคะแนนทัชดาวน์โดยวิ่งเป็นระยะทาง 2 หลา และแมนนิงก็ขว้างลูกไปให้ เบนนี ฟาวเลอร์ เพื่อทำ 2 คะแนนหลังทัชดาวน์ ทำให้เดนเวอร์นำไป 24-10 ในขณะที่มีเวลาเหลืออีก 3:08 นาที และเป็นฝ่ายได้เปรียบในเกม  แคโรไลนายังเหลือการเล่นอีกสองครั้ง แต่ไปไม่ถึงดาวน์แรกทั้งสองครั้ง,ผู้เล่นคนใดในทีมรับของแพนเธอร์สถูกเรียกเพราะการดึงในดาวน์ที่สาม,จอช นอร์แมน
56beca913aeaaa14008c9470,แอนเดอร์สัน,ขณะที่เหลือเวลาอีก 4:51 นาทีแคโรไลนาได้ครองลูกบอลที่เส้น 24 หลาในเขตของตัวเอง โดยมีโอกาสทำคะแนนนำไปสู่ชัยชนะ และในไม่ช้าก็ไปถึงเส้นที่ 3 หลาตัดกับ 9 หลา  ในการเล่นครั้งต่อไป มิลเลอร์ แย่งลูกบอลมาจาก นิวตัน และหลังจากที่ผู้เล่นหลายคนพุ่งเข้าหาลูกบอล  มันก็กระเด้งถอยหลังไปไกล และถูก วอร์ด แย่งกลับไปได้ เขาวิ่งกลับไปเป็นระยะห้าหลาไปที่เส้น 4 หลาของแพนเธอร์ส  แม้ว่าผู้เล่นหลายคนจะพุ่งเข้าไปกองทับกันเพื่อพยายามแย่งลูกบอล แต่นิวตันไม่ได้ทำเช่นนั้น และภายหลังเขาก็ถูกวิจารณ์ว่าขาดความรุนแรงในการเล่น ในระหว่างนั้น ทีมรุกของเดนเวอร์ถูกกันให้อยู่นอกเอนด์โซน สาม เกม แต่การที่ จอช นอร์แมน ซึ่งเป็นคอร์เนอร์แบ็กได้รับโทษจากการดึงแขน ทำให้บรอนคอสได้ดาวน์เพิ่มไปหลายดาวน์  หลังจากนั้น แอนเดอร์สัน ก็ทำคะแนนทัชดาวน์โดยวิ่งเป็นระยะทาง 2 หลา และแมนนิงก็ขว้างลูกไปให้ เบนนี ฟาวเลอร์ เพื่อทำ 2 คะแนนหลังทัชดาวน์ ทำให้เดนเวอร์นำไป 24-10 ในขณะที่มีเวลาเหลืออีก 3:08 นาที และเป็นฝ่ายได้เปรียบในเกม  แคโรไลนายังเหลือการเล่นอีกสองครั้ง แต่ไปไม่ถึงดาวน์แรกทั้งสองครั้ง,ผู้เล่นคนใดต่อยลูกบอลเข้าไปจากเส้นสองหลา,ไม่มีผู้เล่นคนใดต่อยลูกบอลเข้าไปจากเส้นสองหลา เนื่องจากมิลเลอร์ แย่งลูกบอลมาจาก นิวตัน และหลังจากที่ผู้เล่นหลายคนพุ่งเข้าหาลูกบอล  มันก็กระเด้งถอยหลังไปไกล และถูก วอร์ด แย่งกลับไปได้ เขาวิ่งกลับไปเป็นระยะห้าหลาไปที่เส้น 4 หลาของแพนเธอร์ส  ไม่มีการต่อยลูกบอลเข้าไปจากเส้นสองหลาในเหตุการณ์นี้
56beca913aeaaa14008c9471,เบนนี ฟาวเลอร์,ขณะที่เหลือเวลาอีก 4:51 นาทีแคโรไลนาได้ครองลูกบอลที่เส้น 24 หลาในเขตของตัวเอง โดยมีโอกาสทำคะแนนนำไปสู่ชัยชนะ และในไม่ช้าก็ไปถึงเส้นที่ 3 หลาตัดกับ 9 หลา  ในการเล่นครั้งต่อไป มิลเลอร์ แย่งลูกบอลมาจาก นิวตัน และหลังจากที่ผู้เล่นหลายคนพุ่งเข้าหาลูกบอล  มันก็กระเด้งถอยหลังไปไกล และถูก วอร์ด แย่งกลับไปได้ เขาวิ่งกลับไปเป็นระยะห้าหลาไปที่เส้น 4 หลาของแพนเธอร์ส  แม้ว่าผู้เล่นหลายคนจะพุ่งเข้าไปกองทับกันเพื่อพยายามแย่งลูกบอล แต่นิวตันไม่ได้ทำเช่นนั้น และภายหลังเขาก็ถูกวิจารณ์ว่าขาดความรุนแรงในการเล่น ในระหว่างนั้น ทีมรุกของเดนเวอร์ถูกกันให้อยู่นอกเอนด์โซน สาม เกม แต่การที่ จอช นอร์แมน ซึ่งเป็นคอร์เนอร์แบ็กได้รับโทษจากการดึงแขน ทำให้บรอนคอสได้ดาวน์เพิ่มไปหลายดาวน์  หลังจากนั้น แอนเดอร์สัน ก็ทำคะแนนทัชดาวน์โดยวิ่งเป็นระยะทาง 2 หลา และแมนนิงก็ขว้างลูกไปให้ เบนนี ฟาวเลอร์ เพื่อทำ 2 คะแนนหลังทัชดาวน์ ทำให้เดนเวอร์นำไป 24-10 ในขณะที่มีเวลาเหลืออีก 3:08 นาที และเป็นฝ่ายได้เปรียบในเกม  แคโรไลนายังเหลือการเล่นอีกสองครั้ง แต่ไปไม่ถึงดาวน์แรกทั้งสองครั้ง,ใครคือผู้รับลูกบอลได้สำเร็จในการทำ 2 คะแนนหลังทัชดาวน์,เบนนี ฟาวเลอร์
56d726b60d65d214001983ea,มิลเลอร์,ขณะที่เหลือเวลาอีก 4:51 นาทีแคโรไลนาได้ครองลูกบอลที่เส้น 24 หลาในเขตของตัวเอง โดยมีโอกาสทำคะแนนนำไปสู่ชัยชนะ และในไม่ช้าก็ไปถึงเส้นที่ 3 หลาตัดกับ 9 หลา  ในการเล่นครั้งต่อไป มิลเลอร์ แย่งลูกบอลมาจาก นิวตัน และหลังจากที่ผู้เล่นหลายคนพุ่งเข้าหาลูกบอล  มันก็กระเด้งถอยหลังไปไกล และถูก วอร์ด แย่งกลับไปได้ เขาวิ่งกลับไปเป็นระยะห้าหลาไปที่เส้น 4 หลาของแพนเธอร์ส  แม้ว่าผู้เล่นหลายคนจะพุ่งเข้าไปกองทับกันเพื่อพยายามแย่งลูกบอล แต่นิวตันไม่ได้ทำเช่นนั้น และภายหลังเขาก็ถูกวิจารณ์ว่าขาดความรุนแรงในการเล่น ในระหว่างนั้น ทีมรุกของเดนเวอร์ถูกกันให้อยู่นอกเอนด์โซน สาม เกม แต่การที่ จอช นอร์แมน ซึ่งเป็นคอร์เนอร์แบ็กได้รับโทษจากการดึงแขน ทำให้บรอนคอสได้ดาวน์เพิ่มไปหลายดาวน์  หลังจากนั้น แอนเดอร์สัน ก็ทำคะแนนทัชดาวน์โดยวิ่งเป็นระยะทาง 2 หลา และแมนนิงก็ขว้างลูกไปให้ เบนนี ฟาวเลอร์ เพื่อทำ 2 คะแนนหลังทัชดาวน์ ทำให้เดนเวอร์นำไป 24-10 ในขณะที่มีเวลาเหลืออีก 3:08 นาที และเป็นฝ่ายได้เปรียบในเกม  แคโรไลนายังเหลือการเล่นอีกสองครั้ง แต่ไปไม่ถึงดาวน์แรกทั้งสองครั้ง,ใครแย่งลูกบอลจากนิวตันที่เส้น 3 หลาตัดกับ 9 หลา,มิลเลอร์ แย่งลูกบอลมาจาก นิวตัน
56d726b60d65d214001983eb,วอร์ด,ขณะที่เหลือเวลาอีก 4:51 นาทีแคโรไลนาได้ครองลูกบอลที่เส้น 24 หลาในเขตของตัวเอง โดยมีโอกาสทำคะแนนนำไปสู่ชัยชนะ และในไม่ช้าก็ไปถึงเส้นที่ 3 หลาตัดกับ 9 หลา  ในการเล่นครั้งต่อไป มิลเลอร์ แย่งลูกบอลมาจาก นิวตัน และหลังจากที่ผู้เล่นหลายคนพุ่งเข้าหาลูกบอล  มันก็กระเด้งถอยหลังไปไกล และถูก วอร์ด แย่งกลับไปได้ เขาวิ่งกลับไปเป็นระยะห้าหลาไปที่เส้น 4 หลาของแพนเธอร์ส  แม้ว่าผู้เล่นหลายคนจะพุ่งเข้าไปกองทับกันเพื่อพยายามแย่งลูกบอล แต่นิวตันไม่ได้ทำเช่นนั้น และภายหลังเขาก็ถูกวิจารณ์ว่าขาดความรุนแรงในการเล่น ในระหว่างนั้น ทีมรุกของเดนเวอร์ถูกกันให้อยู่นอกเอนด์โซน สาม เกม แต่การที่ จอช นอร์แมน ซึ่งเป็นคอร์เนอร์แบ็กได้รับโทษจากการดึงแขน ทำให้บรอนคอสได้ดาวน์เพิ่มไปหลายดาวน์  หลังจากนั้น แอนเดอร์สัน ก็ทำคะแนนทัชดาวน์โดยวิ่งเป็นระยะทาง 2 หลา และแมนนิงก็ขว้างลูกไปให้ เบนนี ฟาวเลอร์ เพื่อทำ 2 คะแนนหลังทัชดาวน์ ทำให้เดนเวอร์นำไป 24-10 ในขณะที่มีเวลาเหลืออีก 3:08 นาที และเป็นฝ่ายได้เปรียบในเกม  แคโรไลนายังเหลือการเล่นอีกสองครั้ง แต่ไปไม่ถึงดาวน์แรกทั้งสองครั้ง,ใครเอาลูกบอลที่ถูกแย่งไปกลับคืนมาได้,วอร์ด เอาลูกบอลที่ถูกแย่งไปกลับคืนมาได้
56d726b60d65d214001983ec,นิวตัน,ขณะที่เหลือเวลาอีก 4:51 นาทีแคโรไลนาได้ครองลูกบอลที่เส้น 24 หลาในเขตของตัวเอง โดยมีโอกาสทำคะแนนนำไปสู่ชัยชนะ และในไม่ช้าก็ไปถึงเส้นที่ 3 หลาตัดกับ 9 หลา  ในการเล่นครั้งต่อไป มิลเลอร์ แย่งลูกบอลมาจาก นิวตัน และหลังจากที่ผู้เล่นหลายคนพุ่งเข้าหาลูกบอล  มันก็กระเด้งถอยหลังไปไกล และถูก วอร์ด แย่งกลับไปได้ เขาวิ่งกลับไปเป็นระยะห้าหลาไปที่เส้น 4 หลาของแพนเธอร์ส  แม้ว่าผู้เล่นหลายคนจะพุ่งเข้าไปกองทับกันเพื่อพยายามแย่งลูกบอล แต่นิวตันไม่ได้ทำเช่นนั้น และภายหลังเขาก็ถูกวิจารณ์ว่าขาดความรุนแรงในการเล่น ในระหว่างนั้น ทีมรุกของเดนเวอร์ถูกกันให้อยู่นอกเอนด์โซน สาม เกม แต่การที่ จอช นอร์แมน ซึ่งเป็นคอร์เนอร์แบ็กได้รับโทษจากการดึงแขน ทำให้บรอนคอสได้ดาวน์เพิ่มไปหลายดาวน์  หลังจากนั้น แอนเดอร์สัน ก็ทำคะแนนทัชดาวน์โดยวิ่งเป็นระยะทาง 2 หลา และแมนนิงก็ขว้างลูกไปให้ เบนนี ฟาวเลอร์ เพื่อทำ 2 คะแนนหลังทัชดาวน์ ทำให้เดนเวอร์นำไป 24-10 ในขณะที่มีเวลาเหลืออีก 3:08 นาที และเป็นฝ่ายได้เปรียบในเกม  แคโรไลนายังเหลือการเล่นอีกสองครั้ง แต่ไปไม่ถึงดาวน์แรกทั้งสองครั้ง,ผู้เล่นคนใดถูกวิจารณ์เพราะไม่กระโดดเข้าใส่กองผู้เล่นที่ทับกันเพื่อแย่งลูกบอล,นิวตัน ถูกวิจารณ์เพราะไม่กระโดดเข้าใส่กองผู้เล่นที่ทับกันเพื่อแย่งลูกบอล
56d726b60d65d214001983ed,จอช นอร์แมน,ขณะที่เหลือเวลาอีก 4:51 นาทีแคโรไลนาได้ครองลูกบอลที่เส้น 24 หลาในเขตของตัวเอง โดยมีโอกาสทำคะแนนนำไปสู่ชัยชนะ และในไม่ช้าก็ไปถึงเส้นที่ 3 หลาตัดกับ 9 หลา  ในการเล่นครั้งต่อไป มิลเลอร์ แย่งลูกบอลมาจาก นิวตัน และหลังจากที่ผู้เล่นหลายคนพุ่งเข้าหาลูกบอล  มันก็กระเด้งถอยหลังไปไกล และถูก วอร์ด แย่งกลับไปได้ เขาวิ่งกลับไปเป็นระยะห้าหลาไปที่เส้น 4 หลาของแพนเธอร์ส  แม้ว่าผู้เล่นหลายคนจะพุ่งเข้าไปกองทับกันเพื่อพยายามแย่งลูกบอล แต่นิวตันไม่ได้ทำเช่นนั้น และภายหลังเขาก็ถูกวิจารณ์ว่าขาดความรุนแรงในการเล่น ในระหว่างนั้น ทีมรุกของเดนเวอร์ถูกกันให้อยู่นอกเอนด์โซน สาม เกม แต่การที่ จอช นอร์แมน ซึ่งเป็นคอร์เนอร์แบ็กได้รับโทษจากการดึงแขน ทำให้บรอนคอสได้ดาวน์เพิ่มไปหลายดาวน์  หลังจากนั้น แอนเดอร์สัน ก็ทำคะแนนทัชดาวน์โดยวิ่งเป็นระยะทาง 2 หลา และแมนนิงก็ขว้างลูกไปให้ เบนนี ฟาวเลอร์ เพื่อทำ 2 คะแนนหลังทัชดาวน์ ทำให้เดนเวอร์นำไป 24-10 ในขณะที่มีเวลาเหลืออีก 3:08 นาที และเป็นฝ่ายได้เปรียบในเกม  แคโรไลนายังเหลือการเล่นอีกสองครั้ง แต่ไปไม่ถึงดาวน์แรกทั้งสองครั้ง,ผู้เล่นทีมแพนเธอร์สคนใดได้รับโทษ จนทำให้ทีมบรอนคอสได้ดาวน์เพิ่มหลายดาวน์,จอช นอร์แมน ซึ่งเป็นคอร์เนอร์แบ็กได้รับโทษจากการดึงแขน
56d726b60d65d214001983ee,3:08,ขณะที่เหลือเวลาอีก 4:51 นาทีแคโรไลนาได้ครองลูกบอลที่เส้น 24 หลาในเขตของตัวเอง โดยมีโอกาสทำคะแนนนำไปสู่ชัยชนะ และในไม่ช้าก็ไปถึงเส้นที่ 3 หลาตัดกับ 9 หลา  ในการเล่นครั้งต่อไป มิลเลอร์ แย่งลูกบอลมาจาก นิวตัน และหลังจากที่ผู้เล่นหลายคนพุ่งเข้าหาลูกบอล  มันก็กระเด้งถอยหลังไปไกล และถูก วอร์ด แย่งกลับไปได้ เขาวิ่งกลับไปเป็นระยะห้าหลาไปที่เส้น 4 หลาของแพนเธอร์ส  แม้ว่าผู้เล่นหลายคนจะพุ่งเข้าไปกองทับกันเพื่อพยายามแย่งลูกบอล แต่นิวตันไม่ได้ทำเช่นนั้น และภายหลังเขาก็ถูกวิจารณ์ว่าขาดความรุนแรงในการเล่น ในระหว่างนั้น ทีมรุกของเดนเวอร์ถูกกันให้อยู่นอกเอนด์โซน สาม เกม แต่การที่ จอช นอร์แมน ซึ่งเป็นคอร์เนอร์แบ็กได้รับโทษจากการดึงแขน ทำให้บรอนคอสได้ดาวน์เพิ่มไปหลายดาวน์  หลังจากนั้น แอนเดอร์สัน ก็ทำคะแนนทัชดาวน์โดยวิ่งเป็นระยะทาง 2 หลา และแมนนิงก็ขว้างลูกไปให้ เบนนี ฟาวเลอร์ เพื่อทำ 2 คะแนนหลังทัชดาวน์ ทำให้เดนเวอร์นำไป 24-10 ในขณะที่มีเวลาเหลืออีก 3:08 นาที และเป็นฝ่ายได้เปรียบในเกม  แคโรไลนายังเหลือการเล่นอีกสองครั้ง แต่ไปไม่ถึงดาวน์แรกทั้งสองครั้ง,เกมยังมีเวลาเหลืออีกเท่าไรตอนที่เดนเวอร์ได้คะแนนนำอยู่ 24-10,เกมยังมีเวลาเหลืออีก 3:08 นาที ตอนที่เดนเวอร์ได้คะแนนนำอยู่ 24-10
56d9cb47dc89441400fdb832,4:51,ขณะที่เหลือเวลาอีก 4:51 นาทีแคโรไลนาได้ครองลูกบอลที่เส้น 24 หลาในเขตของตัวเอง โดยมีโอกาสทำคะแนนนำไปสู่ชัยชนะ และในไม่ช้าก็ไปถึงเส้นที่ 3 หลาตัดกับ 9 หลา  ในการเล่นครั้งต่อไป มิลเลอร์ แย่งลูกบอลมาจาก นิวตัน และหลังจากที่ผู้เล่นหลายคนพุ่งเข้าหาลูกบอล  มันก็กระเด้งถอยหลังไปไกล และถูก วอร์ด แย่งกลับไปได้ เขาวิ่งกลับไปเป็นระยะห้าหลาไปที่เส้น 4 หลาของแพนเธอร์ส  แม้ว่าผู้เล่นหลายคนจะพุ่งเข้าไปกองทับกันเพื่อพยายามแย่งลูกบอล แต่นิวตันไม่ได้ทำเช่นนั้น และภายหลังเขาก็ถูกวิจารณ์ว่าขาดความรุนแรงในการเล่น ในระหว่างนั้น ทีมรุกของเดนเวอร์ถูกกันให้อยู่นอกเอนด์โซน สาม เกม แต่การที่ จอช นอร์แมน ซึ่งเป็นคอร์เนอร์แบ็กได้รับโทษจากการดึงแขน ทำให้บรอนคอสได้ดาวน์เพิ่มไปหลายดาวน์  หลังจากนั้น แอนเดอร์สัน ก็ทำคะแนนทัชดาวน์โดยวิ่งเป็นระยะทาง 2 หลา และแมนนิงก็ขว้างลูกไปให้ เบนนี ฟาวเลอร์ เพื่อทำ 2 คะแนนหลังทัชดาวน์ ทำให้เดนเวอร์นำไป 24-10 ในขณะที่มีเวลาเหลืออีก 3:08 นาที และเป็นฝ่ายได้เปรียบในเกม  แคโรไลนายังเหลือการเล่นอีกสองครั้ง แต่ไปไม่ถึงดาวน์แรกทั้งสองครั้ง,เหลือเวลาอีกเท่าไร ตอนที่แคโรไลนาได้ครองบอลที่เส้น 24 หลาในควอเตอร์ที่สี่,4:51 นาที
56d9cb47dc89441400fdb833,มิลเลอร์,ขณะที่เหลือเวลาอีก 4:51 นาทีแคโรไลนาได้ครองลูกบอลที่เส้น 24 หลาในเขตของตัวเอง โดยมีโอกาสทำคะแนนนำไปสู่ชัยชนะ และในไม่ช้าก็ไปถึงเส้นที่ 3 หลาตัดกับ 9 หลา  ในการเล่นครั้งต่อไป มิลเลอร์ แย่งลูกบอลมาจาก นิวตัน และหลังจากที่ผู้เล่นหลายคนพุ่งเข้าหาลูกบอล  มันก็กระเด้งถอยหลังไปไกล และถูก วอร์ด แย่งกลับไปได้ เขาวิ่งกลับไปเป็นระยะห้าหลาไปที่เส้น 4 หลาของแพนเธอร์ส  แม้ว่าผู้เล่นหลายคนจะพุ่งเข้าไปกองทับกันเพื่อพยายามแย่งลูกบอล แต่นิวตันไม่ได้ทำเช่นนั้น และภายหลังเขาก็ถูกวิจารณ์ว่าขาดความรุนแรงในการเล่น ในระหว่างนั้น ทีมรุกของเดนเวอร์ถูกกันให้อยู่นอกเอนด์โซน สาม เกม แต่การที่ จอช นอร์แมน ซึ่งเป็นคอร์เนอร์แบ็กได้รับโทษจากการดึงแขน ทำให้บรอนคอสได้ดาวน์เพิ่มไปหลายดาวน์  หลังจากนั้น แอนเดอร์สัน ก็ทำคะแนนทัชดาวน์โดยวิ่งเป็นระยะทาง 2 หลา และแมนนิงก็ขว้างลูกไปให้ เบนนี ฟาวเลอร์ เพื่อทำ 2 คะแนนหลังทัชดาวน์ ทำให้เดนเวอร์นำไป 24-10 ในขณะที่มีเวลาเหลืออีก 3:08 นาที และเป็นฝ่ายได้เปรียบในเกม  แคโรไลนายังเหลือการเล่นอีกสองครั้ง แต่ไปไม่ถึงดาวน์แรกทั้งสองครั้ง,ผู้เล่นที่แย่งบอลจากนิวตันในปลายควอเตอร์ที่สี่ชื่อว่าอะไร,ผู้เล่นที่แย่งบอลจากนิวตันในปลายควอเตอร์ที่สี่คือ  มิลเลอร์
56d9cb47dc89441400fdb834,วอร์ด,ขณะที่เหลือเวลาอีก 4:51 นาทีแคโรไลนาได้ครองลูกบอลที่เส้น 24 หลาในเขตของตัวเอง โดยมีโอกาสทำคะแนนนำไปสู่ชัยชนะ และในไม่ช้าก็ไปถึงเส้นที่ 3 หลาตัดกับ 9 หลา  ในการเล่นครั้งต่อไป มิลเลอร์ แย่งลูกบอลมาจาก นิวตัน และหลังจากที่ผู้เล่นหลายคนพุ่งเข้าหาลูกบอล  มันก็กระเด้งถอยหลังไปไกล และถูก วอร์ด แย่งกลับไปได้ เขาวิ่งกลับไปเป็นระยะห้าหลาไปที่เส้น 4 หลาของแพนเธอร์ส  แม้ว่าผู้เล่นหลายคนจะพุ่งเข้าไปกองทับกันเพื่อพยายามแย่งลูกบอล แต่นิวตันไม่ได้ทำเช่นนั้น และภายหลังเขาก็ถูกวิจารณ์ว่าขาดความรุนแรงในการเล่น ในระหว่างนั้น ทีมรุกของเดนเวอร์ถูกกันให้อยู่นอกเอนด์โซน สาม เกม แต่การที่ จอช นอร์แมน ซึ่งเป็นคอร์เนอร์แบ็กได้รับโทษจากการดึงแขน ทำให้บรอนคอสได้ดาวน์เพิ่มไปหลายดาวน์  หลังจากนั้น แอนเดอร์สัน ก็ทำคะแนนทัชดาวน์โดยวิ่งเป็นระยะทาง 2 หลา และแมนนิงก็ขว้างลูกไปให้ เบนนี ฟาวเลอร์ เพื่อทำ 2 คะแนนหลังทัชดาวน์ ทำให้เดนเวอร์นำไป 24-10 ในขณะที่มีเวลาเหลืออีก 3:08 นาที และเป็นฝ่ายได้เปรียบในเกม  แคโรไลนายังเหลือการเล่นอีกสองครั้ง แต่ไปไม่ถึงดาวน์แรกทั้งสองครั้ง,ผู้เล่นที่เอาบอลซึ่งนิวตันโดนแย่งไปในปลายควอเตอร์ที่สี่กลับคืนมาได้ชื่อว่าอะไร,ผู้เล่นที่เอาบอลซึ่งนิวตันโดนแย่งไปในปลายควอเตอร์ที่สี่กลับคืนมาได้ชื่อว่า วอร์ด
56d9cb47dc89441400fdb835,สาม,ขณะที่เหลือเวลาอีก 4:51 นาทีแคโรไลนาได้ครองลูกบอลที่เส้น 24 หลาในเขตของตัวเอง โดยมีโอกาสทำคะแนนนำไปสู่ชัยชนะ และในไม่ช้าก็ไปถึงเส้นที่ 3 หลาตัดกับ 9 หลา  ในการเล่นครั้งต่อไป มิลเลอร์ แย่งลูกบอลมาจาก นิวตัน และหลังจากที่ผู้เล่นหลายคนพุ่งเข้าหาลูกบอล  มันก็กระเด้งถอยหลังไปไกล และถูก วอร์ด แย่งกลับไปได้ เขาวิ่งกลับไปเป็นระยะห้าหลาไปที่เส้น 4 หลาของแพนเธอร์ส  แม้ว่าผู้เล่นหลายคนจะพุ่งเข้าไปกองทับกันเพื่อพยายามแย่งลูกบอล แต่นิวตันไม่ได้ทำเช่นนั้น และภายหลังเขาก็ถูกวิจารณ์ว่าขาดความรุนแรงในการเล่น ในระหว่างนั้น ทีมรุกของเดนเวอร์ถูกกันให้อยู่นอกเอนด์โซน สาม เกม แต่การที่ จอช นอร์แมน ซึ่งเป็นคอร์เนอร์แบ็กได้รับโทษจากการดึงแขน ทำให้บรอนคอสได้ดาวน์เพิ่มไปหลายดาวน์  หลังจากนั้น แอนเดอร์สัน ก็ทำคะแนนทัชดาวน์โดยวิ่งเป็นระยะทาง 2 หลา และแมนนิงก็ขว้างลูกไปให้ เบนนี ฟาวเลอร์ เพื่อทำ 2 คะแนนหลังทัชดาวน์ ทำให้เดนเวอร์นำไป 24-10 ในขณะที่มีเวลาเหลืออีก 3:08 นาที และเป็นฝ่ายได้เปรียบในเกม  แคโรไลนายังเหลือการเล่นอีกสองครั้ง แต่ไปไม่ถึงดาวน์แรกทั้งสองครั้ง,เดนเวอร์ถูกกันให้อยู่นอกเอนด์โซนกี่เกม หลังจากแย่งลูกบอลไปจากนิวตัน,สาม เกม
56d9cb47dc89441400fdb836,แอนเดอร์สัน,ขณะที่เหลือเวลาอีก 4:51 นาทีแคโรไลนาได้ครองลูกบอลที่เส้น 24 หลาในเขตของตัวเอง โดยมีโอกาสทำคะแนนนำไปสู่ชัยชนะ และในไม่ช้าก็ไปถึงเส้นที่ 3 หลาตัดกับ 9 หลา  ในการเล่นครั้งต่อไป มิลเลอร์ แย่งลูกบอลมาจาก นิวตัน และหลังจากที่ผู้เล่นหลายคนพุ่งเข้าหาลูกบอล  มันก็กระเด้งถอยหลังไปไกล และถูก วอร์ด แย่งกลับไปได้ เขาวิ่งกลับไปเป็นระยะห้าหลาไปที่เส้น 4 หลาของแพนเธอร์ส  แม้ว่าผู้เล่นหลายคนจะพุ่งเข้าไปกองทับกันเพื่อพยายามแย่งลูกบอล แต่นิวตันไม่ได้ทำเช่นนั้น และภายหลังเขาก็ถูกวิจารณ์ว่าขาดความรุนแรงในการเล่น ในระหว่างนั้น ทีมรุกของเดนเวอร์ถูกกันให้อยู่นอกเอนด์โซน สาม เกม แต่การที่ จอช นอร์แมน ซึ่งเป็นคอร์เนอร์แบ็กได้รับโทษจากการดึงแขน ทำให้บรอนคอสได้ดาวน์เพิ่มไปหลายดาวน์  หลังจากนั้น แอนเดอร์สัน ก็ทำคะแนนทัชดาวน์โดยวิ่งเป็นระยะทาง 2 หลา และแมนนิงก็ขว้างลูกไปให้ เบนนี ฟาวเลอร์ เพื่อทำ 2 คะแนนหลังทัชดาวน์ ทำให้เดนเวอร์นำไป 24-10 ในขณะที่มีเวลาเหลืออีก 3:08 นาที และเป็นฝ่ายได้เปรียบในเกม  แคโรไลนายังเหลือการเล่นอีกสองครั้ง แต่ไปไม่ถึงดาวน์แรกทั้งสองครั้ง,ผู้เล่นที่ทำคะแนนทัชดาวน์จากการวิ่ง 2 หลาในควอเตอร์ที่สี่นามสกุลอะไร,แอนเดอร์สัน
57339c16d058e614000b5ec5,ออกรุดซาสกี,ใกล้ๆ กันนั้นซัมเมอร์เธียเตอร์ซึ่งอยู่ใน ออกรุดซาสกี (แซ็กซอนการ์เดน) เปิดดำเนินการตั้งแต่ปี 1870 ถึง และในระหว่างสงคราม นอกจากนี้อาคารโรงละครยังประกอบด้วย โมมุส ซึ่งเป็นโรงละครคาบาเรต์แห่งแรกของวอร์ซอว์ และเมโลดรัมของเลออน สคิลเลอร์ อีกด้วย  โรงละครเพลง วอยเชคโบกุสลาฟสกี (1922–26) คือตัวอย่างที่ดีที่สุดของ “โรงละครที่เป็นอนุสรณ์แบบโปแลนด์” ตั้งแต่กลางยุค 1930 อาคารเกรทเธียเตอร์เป็นที่ตั้งของสถาบันศิลปะการละครอูปาตี  ซึ่งเป็นสถาบันสอนศิลปะการละครของรัฐแห่งแรก โดยมีสองแผนก คือแผนกการแสดงและแผนกกำกับเวที,แซกซอนการ์เดนในภาษาโปแลนด์เรียกว่า,ออกรุดซาสกี
57339c16d058e614000b5ec6,แซ็กซอนการ์เดน,ใกล้ๆ กันนั้นซัมเมอร์เธียเตอร์ซึ่งอยู่ใน ออกรุดซาสกี (แซ็กซอนการ์เดน) เปิดดำเนินการตั้งแต่ปี 1870 ถึง และในระหว่างสงคราม นอกจากนี้อาคารโรงละครยังประกอบด้วย โมมุส ซึ่งเป็นโรงละครคาบาเรต์แห่งแรกของวอร์ซอว์ และเมโลดรัมของเลออน สคิลเลอร์ อีกด้วย  โรงละครเพลง วอยเชคโบกุสลาฟสกี (1922–26) คือตัวอย่างที่ดีที่สุดของ “โรงละครที่เป็นอนุสรณ์แบบโปแลนด์” ตั้งแต่กลางยุค 1930 อาคารเกรทเธียเตอร์เป็นที่ตั้งของสถาบันศิลปะการละครอูปาตี  ซึ่งเป็นสถาบันสอนศิลปะการละครของรัฐแห่งแรก โดยมีสองแผนก คือแผนกการแสดงและแผนกกำกับเวที,ซัมเมอร์เธียเตอร์ตั้งอยู่ที่ใด,ออกรุดซาสกี (แซ็กซอนการ์เดน)
57339c16d058e614000b5ec7,1870 ถึง,ใกล้ๆ กันนั้นซัมเมอร์เธียเตอร์ซึ่งอยู่ใน ออกรุดซาสกี (แซ็กซอนการ์เดน) เปิดดำเนินการตั้งแต่ปี 1870 ถึง และในระหว่างสงคราม นอกจากนี้อาคารโรงละครยังประกอบด้วย โมมุส ซึ่งเป็นโรงละครคาบาเรต์แห่งแรกของวอร์ซอว์ และเมโลดรัมของเลออน สคิลเลอร์ อีกด้วย  โรงละครเพลง วอยเชคโบกุสลาฟสกี (1922–26) คือตัวอย่างที่ดีที่สุดของ “โรงละครที่เป็นอนุสรณ์แบบโปแลนด์” ตั้งแต่กลางยุค 1930 อาคารเกรทเธียเตอร์เป็นที่ตั้งของสถาบันศิลปะการละครอูปาตี  ซึ่งเป็นสถาบันสอนศิลปะการละครของรัฐแห่งแรก โดยมีสองแผนก คือแผนกการแสดงและแผนกกำกับเวที,ซัมเมอร์เธียเตอร์เปิดดำเนินการนานเท่าไร,ซัมเมอร์เธียเตอร์เปิดดำเนินการตั้งแต่ปี 1870 ถึง 
57339c16d058e614000b5ec8,โมมุส,ใกล้ๆ กันนั้นซัมเมอร์เธียเตอร์ซึ่งอยู่ใน ออกรุดซาสกี (แซ็กซอนการ์เดน) เปิดดำเนินการตั้งแต่ปี 1870 ถึง และในระหว่างสงคราม นอกจากนี้อาคารโรงละครยังประกอบด้วย โมมุส ซึ่งเป็นโรงละครคาบาเรต์แห่งแรกของวอร์ซอว์ และเมโลดรัมของเลออน สคิลเลอร์ อีกด้วย  โรงละครเพลง วอยเชคโบกุสลาฟสกี (1922–26) คือตัวอย่างที่ดีที่สุดของ “โรงละครที่เป็นอนุสรณ์แบบโปแลนด์” ตั้งแต่กลางยุค 1930 อาคารเกรทเธียเตอร์เป็นที่ตั้งของสถาบันศิลปะการละครอูปาตี  ซึ่งเป็นสถาบันสอนศิลปะการละครของรัฐแห่งแรก โดยมีสองแผนก คือแผนกการแสดงและแผนกกำกับเวที,โรงละครคาบาเรต์แห่งแรกของวอร์ซอว์คือที่ไหน,โมมุส ซึ่งเป็นโรงละครคาบาเรต์แห่งแรกของวอร์ซอว์
57339c16d058e614000b5ec9,วอยเชคโบกุสลาฟสกี,ใกล้ๆ กันนั้นซัมเมอร์เธียเตอร์ซึ่งอยู่ใน ออกรุดซาสกี (แซ็กซอนการ์เดน) เปิดดำเนินการตั้งแต่ปี 1870 ถึง และในระหว่างสงคราม นอกจากนี้อาคารโรงละครยังประกอบด้วย โมมุส ซึ่งเป็นโรงละครคาบาเรต์แห่งแรกของวอร์ซอว์ และเมโลดรัมของเลออน สคิลเลอร์ อีกด้วย  โรงละครเพลง วอยเชคโบกุสลาฟสกี (1922–26) คือตัวอย่างที่ดีที่สุดของ “โรงละครที่เป็นอนุสรณ์แบบโปแลนด์” ตั้งแต่กลางยุค 1930 อาคารเกรทเธียเตอร์เป็นที่ตั้งของสถาบันศิลปะการละครอูปาตี  ซึ่งเป็นสถาบันสอนศิลปะการละครของรัฐแห่งแรก โดยมีสองแผนก คือแผนกการแสดงและแผนกกำกับเวที,ตัวอย่างที่ดีที่สุดของ “โรงละครที่เป็นอนุสรณ์แบบโปแลนด์” คือโรงละครใด,วอยเชคโบกุสลาฟสกี
5733a32bd058e614000b5f32,โปโลเนียวอร์ซอว์,โปโลเนียวอร์ซอว์ ซึ่งเป็นคู่แข่งในท้องถิ่นของพวกเขามีผู้สนับสนุนน้อยกว่าอย่างเห็นได้ชัด แต่กระนั้นพวกเขาก็เอาชนะในการแข่งขันเอ็กซตราคลาซาแชมเปียนชิปในปี 2000 ได้สำเร็จ นอกจากนั้นพวกเขายังเป็นแชมป์ของประเทศในปี 1946 และได้รับถ้วยรางวัล สองครั้ง อีกด้วย  สถานที่ทำการของโปโลเนียตั้งอยู่ที่ ถนนคอนวิคตอร์สกา ซึ่งใช้เวลาเดินจากโอลด์ทาวน์เป็นเวลา 10 นาที โดยเดินไปทางทิศเหนือ   โปโลเนียลดระดับดิวิชั่นในการแข่งขันในประเทศในปี 2013 เนื่องจาก สถานะทางการเงินเข้าขั้นวิกฤต  ตอนนี้พวกเขาเล่นอยู่ในลีกที่ 4 (เทียร์ 5 ในโปแลนด์) ซึ่งเป็นลีกระดับอาชีพที่ต่ำที่สุดในประเทศของโครงสร้างสมาพันธ์ฟุตบอลโปแลนด์,ใครชนะในการแข่งขันเอ็กซตราคลาซาแชมเปียนชิปปี 2000,โปโลเนียวอร์ซอว์
5733a32bd058e614000b5f33,1946,โปโลเนียวอร์ซอว์ ซึ่งเป็นคู่แข่งในท้องถิ่นของพวกเขามีผู้สนับสนุนน้อยกว่าอย่างเห็นได้ชัด แต่กระนั้นพวกเขาก็เอาชนะในการแข่งขันเอ็กซตราคลาซาแชมเปียนชิปในปี 2000 ได้สำเร็จ นอกจากนั้นพวกเขายังเป็นแชมป์ของประเทศในปี 1946 และได้รับถ้วยรางวัล สองครั้ง อีกด้วย  สถานที่ทำการของโปโลเนียตั้งอยู่ที่ ถนนคอนวิคตอร์สกา ซึ่งใช้เวลาเดินจากโอลด์ทาวน์เป็นเวลา 10 นาที โดยเดินไปทางทิศเหนือ   โปโลเนียลดระดับดิวิชั่นในการแข่งขันในประเทศในปี 2013 เนื่องจาก สถานะทางการเงินเข้าขั้นวิกฤต  ตอนนี้พวกเขาเล่นอยู่ในลีกที่ 4 (เทียร์ 5 ในโปแลนด์) ซึ่งเป็นลีกระดับอาชีพที่ต่ำที่สุดในประเทศของโครงสร้างสมาพันธ์ฟุตบอลโปแลนด์,ก่อนหน้าปี 2000 โปโลเนียวอร์ซอว์เป็นแชมป์ระดับประเทศในปีใด,1946
5733a32bd058e614000b5f34,สองครั้ง,โปโลเนียวอร์ซอว์ ซึ่งเป็นคู่แข่งในท้องถิ่นของพวกเขามีผู้สนับสนุนน้อยกว่าอย่างเห็นได้ชัด แต่กระนั้นพวกเขาก็เอาชนะในการแข่งขันเอ็กซตราคลาซาแชมเปียนชิปในปี 2000 ได้สำเร็จ นอกจากนั้นพวกเขายังเป็นแชมป์ของประเทศในปี 1946 และได้รับถ้วยรางวัล สองครั้ง อีกด้วย  สถานที่ทำการของโปโลเนียตั้งอยู่ที่ ถนนคอนวิคตอร์สกา ซึ่งใช้เวลาเดินจากโอลด์ทาวน์เป็นเวลา 10 นาที โดยเดินไปทางทิศเหนือ   โปโลเนียลดระดับดิวิชั่นในการแข่งขันในประเทศในปี 2013 เนื่องจาก สถานะทางการเงินเข้าขั้นวิกฤต  ตอนนี้พวกเขาเล่นอยู่ในลีกที่ 4 (เทียร์ 5 ในโปแลนด์) ซึ่งเป็นลีกระดับอาชีพที่ต่ำที่สุดในประเทศของโครงสร้างสมาพันธ์ฟุตบอลโปแลนด์,โปโลเนียได้ถ้วยรางวัลกี่ครั้ง,โปโลเนียได้ถ้วยรางวัล 2 ครั้ง
5733a32bd058e614000b5f35,ถนนคอนวิคตอร์สกา,โปโลเนียวอร์ซอว์ ซึ่งเป็นคู่แข่งในท้องถิ่นของพวกเขามีผู้สนับสนุนน้อยกว่าอย่างเห็นได้ชัด แต่กระนั้นพวกเขาก็เอาชนะในการแข่งขันเอ็กซตราคลาซาแชมเปียนชิปในปี 2000 ได้สำเร็จ นอกจากนั้นพวกเขายังเป็นแชมป์ของประเทศในปี 1946 และได้รับถ้วยรางวัล สองครั้ง อีกด้วย  สถานที่ทำการของโปโลเนียตั้งอยู่ที่ ถนนคอนวิคตอร์สกา ซึ่งใช้เวลาเดินจากโอลด์ทาวน์เป็นเวลา 10 นาที โดยเดินไปทางทิศเหนือ   โปโลเนียลดระดับดิวิชั่นในการแข่งขันในประเทศในปี 2013 เนื่องจาก สถานะทางการเงินเข้าขั้นวิกฤต  ตอนนี้พวกเขาเล่นอยู่ในลีกที่ 4 (เทียร์ 5 ในโปแลนด์) ซึ่งเป็นลีกระดับอาชีพที่ต่ำที่สุดในประเทศของโครงสร้างสมาพันธ์ฟุตบอลโปแลนด์,ที่ทำการของโปโลเนียตั้งอยู่ที่ใด,ถนนคอนวิคตอร์สกา ซึ่งใช้เวลาเดินจากโอลด์ทาวน์เป็นเวลา 10 นาที โดยเดินไปทางทิศเหนือ
5733a32bd058e614000b5f36,สถานะทางการเงินเข้าขั้นวิกฤต,โปโลเนียวอร์ซอว์ ซึ่งเป็นคู่แข่งในท้องถิ่นของพวกเขามีผู้สนับสนุนน้อยกว่าอย่างเห็นได้ชัด แต่กระนั้นพวกเขาก็เอาชนะในการแข่งขันเอ็กซตราคลาซาแชมเปียนชิปในปี 2000 ได้สำเร็จ นอกจากนั้นพวกเขายังเป็นแชมป์ของประเทศในปี 1946 และได้รับถ้วยรางวัล สองครั้ง อีกด้วย  สถานที่ทำการของโปโลเนียตั้งอยู่ที่ ถนนคอนวิคตอร์สกา ซึ่งใช้เวลาเดินจากโอลด์ทาวน์เป็นเวลา 10 นาที โดยเดินไปทางทิศเหนือ   โปโลเนียลดระดับดิวิชั่นในการแข่งขันในประเทศในปี 2013 เนื่องจาก สถานะทางการเงินเข้าขั้นวิกฤต  ตอนนี้พวกเขาเล่นอยู่ในลีกที่ 4 (เทียร์ 5 ในโปแลนด์) ซึ่งเป็นลีกระดับอาชีพที่ต่ำที่สุดในประเทศของโครงสร้างสมาพันธ์ฟุตบอลโปแลนด์,เหตุใดโปโลเนียจึงลดระดับดิวิชั่นในการแข่งขันในประเทศในปี 2013,โปโลเนียลดระดับดิวิชั่นในการแข่งขันในประเทศในปี 2013 เนื่องจากสถานะทางการเงินเข้าขั้นวิกฤต
57338007d058e614000b5bda,วัฒนธรรมหลากหลาย,"วอร์ซอว์คือเมืองที่มี วัฒนธรรมหลากหลาย มาตลอดเวลาที่ดำรงอยู่  จากการสำรวจสำมะโนประชากรในปี 1901 ในจำนวนผู้อยู่อาศัย 711,988 คน มีผู้เป็นชาวคาทอลิก 56.2% ชาวยิว 35.7% ชาวคริสต์นิกายกรีกออร์โธด็อกซ์ 5% และชาวโปรเตสแตนต์ 2.8% แปดปีต่อมา ในปี 1909   มีชาวยิว 281,754 คน(36.9%) ชาวโปรเตสแตนต์ 18,189 คน (2.4%) และมาเรียไวต์ 2,818 คน (0.4%) ทำให้มีการก่อสร้างสถานที่สักการะทางศาสนาหลายร้อยแห่งทั่วเมือง สถานที่เหล่านั้นส่วนมากถูกทำลายโดยเป็นผลพวงจากการจลาจลในวอร์ซอว์ในปี 1944 ภายหลังสงคราม เจ้าหน้าที่ปกครองฝ่ายคอมมิวนิสต์ของโปแลนด์ไม่สนับสนุนให้มีการสร้างโบสถ์ และมีเพียงจำนวนน้อยที่ได้รับการบูรณะ",วอร์ซอว์เป็นเมืองแบบใดนับตั้งแต่ที่มีการดำรงอยู่,วอร์ซอว์เป็นเมืองที่มีวัฒนธรรมหลากหลายตลอดเวลาที่ดำรงอยู่
57338007d058e614000b5bdb,"711,988","วอร์ซอว์คือเมืองที่มี วัฒนธรรมหลากหลาย มาตลอดเวลาที่ดำรงอยู่  จากการสำรวจสำมะโนประชากรในปี 1901 ในจำนวนผู้อยู่อาศัย 711,988 คน มีผู้เป็นชาวคาทอลิก 56.2% ชาวยิว 35.7% ชาวคริสต์นิกายกรีกออร์โธด็อกซ์ 5% และชาวโปรเตสแตนต์ 2.8% แปดปีต่อมา ในปี 1909   มีชาวยิว 281,754 คน(36.9%) ชาวโปรเตสแตนต์ 18,189 คน (2.4%) และมาเรียไวต์ 2,818 คน (0.4%) ทำให้มีการก่อสร้างสถานที่สักการะทางศาสนาหลายร้อยแห่งทั่วเมือง สถานที่เหล่านั้นส่วนมากถูกทำลายโดยเป็นผลพวงจากการจลาจลในวอร์ซอว์ในปี 1944 ภายหลังสงคราม เจ้าหน้าที่ปกครองฝ่ายคอมมิวนิสต์ของโปแลนด์ไม่สนับสนุนให้มีการสร้างโบสถ์ และมีเพียงจำนวนน้อยที่ได้รับการบูรณะ",จำนวนประชากรของวอร์ซอว์ในปี 1901 มีเท่าไร,"จำนวนประชากรของวอร์ซอว์ในปี 1901 มี 711,988 คน"
57338007d058e614000b5bdc,56.2%,"วอร์ซอว์คือเมืองที่มี วัฒนธรรมหลากหลาย มาตลอดเวลาที่ดำรงอยู่  จากการสำรวจสำมะโนประชากรในปี 1901 ในจำนวนผู้อยู่อาศัย 711,988 คน มีผู้เป็นชาวคาทอลิก 56.2% ชาวยิว 35.7% ชาวคริสต์นิกายกรีกออร์โธด็อกซ์ 5% และชาวโปรเตสแตนต์ 2.8% แปดปีต่อมา ในปี 1909   มีชาวยิว 281,754 คน(36.9%) ชาวโปรเตสแตนต์ 18,189 คน (2.4%) และมาเรียไวต์ 2,818 คน (0.4%) ทำให้มีการก่อสร้างสถานที่สักการะทางศาสนาหลายร้อยแห่งทั่วเมือง สถานที่เหล่านั้นส่วนมากถูกทำลายโดยเป็นผลพวงจากการจลาจลในวอร์ซอว์ในปี 1944 ภายหลังสงคราม เจ้าหน้าที่ปกครองฝ่ายคอมมิวนิสต์ของโปแลนด์ไม่สนับสนุนให้มีการสร้างโบสถ์ และมีเพียงจำนวนน้อยที่ได้รับการบูรณะ",จากจำนวนผู้อยู่อาศัยในวอร์ซอว์ในปี 1901 มีชาวคาทอลิกกี่เปอร์เซ็นต์,56.2% ของจำนวนผู้อยู่อาศัยในวอร์ซอว์ในปี 1901 เป็นชาวคาทอลิก
57338007d058e614000b5bdd,2.8%,"วอร์ซอว์คือเมืองที่มี วัฒนธรรมหลากหลาย มาตลอดเวลาที่ดำรงอยู่  จากการสำรวจสำมะโนประชากรในปี 1901 ในจำนวนผู้อยู่อาศัย 711,988 คน มีผู้เป็นชาวคาทอลิก 56.2% ชาวยิว 35.7% ชาวคริสต์นิกายกรีกออร์โธด็อกซ์ 5% และชาวโปรเตสแตนต์ 2.8% แปดปีต่อมา ในปี 1909   มีชาวยิว 281,754 คน(36.9%) ชาวโปรเตสแตนต์ 18,189 คน (2.4%) และมาเรียไวต์ 2,818 คน (0.4%) ทำให้มีการก่อสร้างสถานที่สักการะทางศาสนาหลายร้อยแห่งทั่วเมือง สถานที่เหล่านั้นส่วนมากถูกทำลายโดยเป็นผลพวงจากการจลาจลในวอร์ซอว์ในปี 1944 ภายหลังสงคราม เจ้าหน้าที่ปกครองฝ่ายคอมมิวนิสต์ของโปแลนด์ไม่สนับสนุนให้มีการสร้างโบสถ์ และมีเพียงจำนวนน้อยที่ได้รับการบูรณะ",จากจำนวนผู้อยู่อาศัยในวอร์ซอว์ในปี 1901 มีชาวโปรเตสแตนต์กี่เปอร์เซ็นต์,2.8%
57338007d058e614000b5bde,1944,"วอร์ซอว์คือเมืองที่มี วัฒนธรรมหลากหลาย มาตลอดเวลาที่ดำรงอยู่  จากการสำรวจสำมะโนประชากรในปี 1901 ในจำนวนผู้อยู่อาศัย 711,988 คน มีผู้เป็นชาวคาทอลิก 56.2% ชาวยิว 35.7% ชาวคริสต์นิกายกรีกออร์โธด็อกซ์ 5% และชาวโปรเตสแตนต์ 2.8% แปดปีต่อมา ในปี 1909   มีชาวยิว 281,754 คน(36.9%) ชาวโปรเตสแตนต์ 18,189 คน (2.4%) และมาเรียไวต์ 2,818 คน (0.4%) ทำให้มีการก่อสร้างสถานที่สักการะทางศาสนาหลายร้อยแห่งทั่วเมือง สถานที่เหล่านั้นส่วนมากถูกทำลายโดยเป็นผลพวงจากการจลาจลในวอร์ซอว์ในปี 1944 ภายหลังสงคราม เจ้าหน้าที่ปกครองฝ่ายคอมมิวนิสต์ของโปแลนด์ไม่สนับสนุนให้มีการสร้างโบสถ์ และมีเพียงจำนวนน้อยที่ได้รับการบูรณะ",สถานที่สักการะทางศาสนาส่วนใหญ่ในวอร์ซอว์ถูกทำลายเมื่อใด,สถานที่สักการะทางศาสนาส่วนใหญ่ในวอร์ซอว์ถูกทำลายในปี 1944 จากการจลาจลในวอร์ซอว์
573380e0d058e614000b5be9,เทศบาล,"หน่วยพื้นฐานในการแบ่งเขตแดนในโปแลนด์คือ เทศบาล (กมินา) เมืองก็เป็นเทศบาลด้วยเช่นกัน ทว่ามีตราตั้งให้เป็นเมือง ทั้งเมืองและเทศบาลปกครองโดยนายกเทศมนตรี ทว่าในเทศบาล นายกเทศมนตรีเรียกว่าโวกต์ ( วอยต์ในภาษาโปแลนด์) ส่วนในเมืองเรียกว่าเบอร์มิสตร์  ในเมืองใหญ่ ๆ บางเมืองมีความรับผิดชอบและอำนาจพิเศษ ซึ่งเป็นอำนาจของหน่วยระดับที่สองของการแบ่งเขตแดน ซึ่งก็คือ มณฑล หรือโปเวียต   ตัวอย่างของอำนาจพิเศษดังกล่าว เช่น การจดทะเบียนรถยนต์ กมินาไม่สามารถจดทะเบียนรถยนต์ได้ เรื่องนี้เป็นงานของโปเวียต (เช่น เลขทะเบียนขึ้นอยู่กับว่ารถยนต์คันนั้นจดทะเบียนที่โปเวียตใด)  ในกรณีนี้เราหมายถึงมณฆลเมือง หรือโปเวียตกรอดสกี  ตัวอย่างของเมืองเหล่านี้ ได้แก่ ลูบลิน, กรากุฟ, กดังสก์ และปอสนัน  อำเภอในวอร์ซอว์มีอำนาจพิเศษบางอย่างที่โปเวียตมี เช่น การจดทะเบียนรถยนต์ ดังที่ได้กล่าวไปแล้ว  ตัวอย่างเช่น ในอำเภอโวลา มีหลักฐานการจดทะเบียนของตัวเอง ส่วนในอำเภออูร์ซีนุคก็มีหลักฐานการจดทะเบียนของตัวเอง (และรถยนต์จากโวลามีรูปแบบหมายเลขทะเบียนต่างจากของอูร์ซีนุค)  ทว่าในอำเภอ กรากุฟ ไม่มีอำนาจพิเศษของโปเวียต ดังนั้นหมายเลขทะเบียนในกรากุฟจึงเป็นประเภทเดียวกันกับของทุกอำเภอ",หน่วยพื้นฐานในการแบ่งเขตแดนในโปแลนด์คืออะไร,เทศบาล (กมินา)
573380e0d058e614000b5bea,มณฑล หรือโปเวียต,"หน่วยพื้นฐานในการแบ่งเขตแดนในโปแลนด์คือ เทศบาล (กมินา) เมืองก็เป็นเทศบาลด้วยเช่นกัน ทว่ามีตราตั้งให้เป็นเมือง ทั้งเมืองและเทศบาลปกครองโดยนายกเทศมนตรี ทว่าในเทศบาล นายกเทศมนตรีเรียกว่าโวกต์ ( วอยต์ในภาษาโปแลนด์) ส่วนในเมืองเรียกว่าเบอร์มิสตร์  ในเมืองใหญ่ ๆ บางเมืองมีความรับผิดชอบและอำนาจพิเศษ ซึ่งเป็นอำนาจของหน่วยระดับที่สองของการแบ่งเขตแดน ซึ่งก็คือ มณฑล หรือโปเวียต   ตัวอย่างของอำนาจพิเศษดังกล่าว เช่น การจดทะเบียนรถยนต์ กมินาไม่สามารถจดทะเบียนรถยนต์ได้ เรื่องนี้เป็นงานของโปเวียต (เช่น เลขทะเบียนขึ้นอยู่กับว่ารถยนต์คันนั้นจดทะเบียนที่โปเวียตใด)  ในกรณีนี้เราหมายถึงมณฆลเมือง หรือโปเวียตกรอดสกี  ตัวอย่างของเมืองเหล่านี้ ได้แก่ ลูบลิน, กรากุฟ, กดังสก์ และปอสนัน  อำเภอในวอร์ซอว์มีอำนาจพิเศษบางอย่างที่โปเวียตมี เช่น การจดทะเบียนรถยนต์ ดังที่ได้กล่าวไปแล้ว  ตัวอย่างเช่น ในอำเภอโวลา มีหลักฐานการจดทะเบียนของตัวเอง ส่วนในอำเภออูร์ซีนุคก็มีหลักฐานการจดทะเบียนของตัวเอง (และรถยนต์จากโวลามีรูปแบบหมายเลขทะเบียนต่างจากของอูร์ซีนุค)  ทว่าในอำเภอ กรากุฟ ไม่มีอำนาจพิเศษของโปเวียต ดังนั้นหมายเลขทะเบียนในกรากุฟจึงเป็นประเภทเดียวกันกับของทุกอำเภอ",ระดับที่สองของการแบ่งเขตแดนในโปแลนด์เรียกว่าอะไร,ระดับที่สองของการแบ่งเขตแดนในโปแลนด์เรียกว่า มณฑล หรือโปเวียต
573380e0d058e614000b5beb,กรากุฟ,"หน่วยพื้นฐานในการแบ่งเขตแดนในโปแลนด์คือ เทศบาล (กมินา) เมืองก็เป็นเทศบาลด้วยเช่นกัน ทว่ามีตราตั้งให้เป็นเมือง ทั้งเมืองและเทศบาลปกครองโดยนายกเทศมนตรี ทว่าในเทศบาล นายกเทศมนตรีเรียกว่าโวกต์ ( วอยต์ในภาษาโปแลนด์) ส่วนในเมืองเรียกว่าเบอร์มิสตร์  ในเมืองใหญ่ ๆ บางเมืองมีความรับผิดชอบและอำนาจพิเศษ ซึ่งเป็นอำนาจของหน่วยระดับที่สองของการแบ่งเขตแดน ซึ่งก็คือ มณฑล หรือโปเวียต   ตัวอย่างของอำนาจพิเศษดังกล่าว เช่น การจดทะเบียนรถยนต์ กมินาไม่สามารถจดทะเบียนรถยนต์ได้ เรื่องนี้เป็นงานของโปเวียต (เช่น เลขทะเบียนขึ้นอยู่กับว่ารถยนต์คันนั้นจดทะเบียนที่โปเวียตใด)  ในกรณีนี้เราหมายถึงมณฆลเมือง หรือโปเวียตกรอดสกี  ตัวอย่างของเมืองเหล่านี้ ได้แก่ ลูบลิน, กรากุฟ, กดังสก์ และปอสนัน  อำเภอในวอร์ซอว์มีอำนาจพิเศษบางอย่างที่โปเวียตมี เช่น การจดทะเบียนรถยนต์ ดังที่ได้กล่าวไปแล้ว  ตัวอย่างเช่น ในอำเภอโวลา มีหลักฐานการจดทะเบียนของตัวเอง ส่วนในอำเภออูร์ซีนุคก็มีหลักฐานการจดทะเบียนของตัวเอง (และรถยนต์จากโวลามีรูปแบบหมายเลขทะเบียนต่างจากของอูร์ซีนุค)  ทว่าในอำเภอ กรากุฟ ไม่มีอำนาจพิเศษของโปเวียต ดังนั้นหมายเลขทะเบียนในกรากุฟจึงเป็นประเภทเดียวกันกับของทุกอำเภอ",ในอำเภอใดบ้างที่หมายเลขทะเบียนรถยนต์เป็นประเภทเดียวกัน,ในอำเภอ กรากุฟ ไม่มีอำนาจพิเศษของโปเวียต ดังนั้นหมายเลขทะเบียนในกรากุฟจึงเป็นประเภทเดียวกันกับของทุกอำเภอ
5733834ed058e614000b5c26,1817,"ตลาดหลักทรัพย์แห่งแรกของวอร์ซอว์ก่อตั้งขึ้นในปี 1817 โดยทำการซื้อขายหลักทรัพย์เรื่อยมาจนถึง สงครามโลกครั้งที่สอง และได้รับการก่อตั้งขึ้นใหม่ใน เดือนเมษายน ปี 1991 หลังจากที่การปกครองของคอมมิวนิสต์ภายหลังสงครามสิ้นสุดลง และมีการใช้ระบบเศรษฐกิจแบบตลาดเสรีอีกครั้ง เมื่อดูจากตัวชี้วัดมากมายแล้ว ปัจจุบันตลาดหลักทรัพย์วอร์ซอว์ (WSE) คือตลาดที่ใหญ่ที่สุดในภูมิภาค โดยมีบริษัทอยู่ในรายชื่อ 374 แห่ง และมีทุนรวมทั้งสิ้น 162,584 ล้านยูโร ณ วันที่ 31 สิงหาคม 2009 ตั้งแต่ปี 1991 จนถึงปี 2000 ตลาดหลักทรัพย์ตั้งอยู่ในอาคารซึ่งก่อนหน้านี้เป็นสำนักงานใหญ่ของ สหพรรคแรงงานโปแลนด์ (PZPR) ซึ่งเป็นเรื่องที่ย้อนแย้งน่าขัน",ตลาดหลักทรัพย์แห่งแรกของวอร์ซอว์ได้รับการก่อตั้งขึ้นในปีใด,1817
5733834ed058e614000b5c27,สงครามโลกครั้งที่สอง,"ตลาดหลักทรัพย์แห่งแรกของวอร์ซอว์ก่อตั้งขึ้นในปี 1817 โดยทำการซื้อขายหลักทรัพย์เรื่อยมาจนถึง สงครามโลกครั้งที่สอง และได้รับการก่อตั้งขึ้นใหม่ใน เดือนเมษายน ปี 1991 หลังจากที่การปกครองของคอมมิวนิสต์ภายหลังสงครามสิ้นสุดลง และมีการใช้ระบบเศรษฐกิจแบบตลาดเสรีอีกครั้ง เมื่อดูจากตัวชี้วัดมากมายแล้ว ปัจจุบันตลาดหลักทรัพย์วอร์ซอว์ (WSE) คือตลาดที่ใหญ่ที่สุดในภูมิภาค โดยมีบริษัทอยู่ในรายชื่อ 374 แห่ง และมีทุนรวมทั้งสิ้น 162,584 ล้านยูโร ณ วันที่ 31 สิงหาคม 2009 ตั้งแต่ปี 1991 จนถึงปี 2000 ตลาดหลักทรัพย์ตั้งอยู่ในอาคารซึ่งก่อนหน้านี้เป็นสำนักงานใหญ่ของ สหพรรคแรงงานโปแลนด์ (PZPR) ซึ่งเป็นเรื่องที่ย้อนแย้งน่าขัน",ตลาดหลักทรัพย์วอร์ซอว์หยุดทำการเพราะเหตุใด,ตลาดหลักทรัพย์วอร์ซอว์หยุดทำการเพราะสงครามโลกครั้งที่สอง และได้รับการก่อตั้งขึ้นใหม่ในเดือนเมษายน ปี 1991 หลังจากที่การปกครองของคอมมิวนิสต์ภายหลังสงครามสิ้นสุดลง และมีการใช้ระบบเศรษฐกิจแบบตลาดเสรีอีกครั้ง
5733834ed058e614000b5c28,เดือนเมษายน ปี 1991,"ตลาดหลักทรัพย์แห่งแรกของวอร์ซอว์ก่อตั้งขึ้นในปี 1817 โดยทำการซื้อขายหลักทรัพย์เรื่อยมาจนถึง สงครามโลกครั้งที่สอง และได้รับการก่อตั้งขึ้นใหม่ใน เดือนเมษายน ปี 1991 หลังจากที่การปกครองของคอมมิวนิสต์ภายหลังสงครามสิ้นสุดลง และมีการใช้ระบบเศรษฐกิจแบบตลาดเสรีอีกครั้ง เมื่อดูจากตัวชี้วัดมากมายแล้ว ปัจจุบันตลาดหลักทรัพย์วอร์ซอว์ (WSE) คือตลาดที่ใหญ่ที่สุดในภูมิภาค โดยมีบริษัทอยู่ในรายชื่อ 374 แห่ง และมีทุนรวมทั้งสิ้น 162,584 ล้านยูโร ณ วันที่ 31 สิงหาคม 2009 ตั้งแต่ปี 1991 จนถึงปี 2000 ตลาดหลักทรัพย์ตั้งอยู่ในอาคารซึ่งก่อนหน้านี้เป็นสำนักงานใหญ่ของ สหพรรคแรงงานโปแลนด์ (PZPR) ซึ่งเป็นเรื่องที่ย้อนแย้งน่าขัน",ตลาดหลักทรัพย์วอร์ซอว์กลับมาดำเนินการอีกครั้งเมื่อใด,ตลาดหลักทรัพย์วอร์ซอว์กลับมาดำเนินการอีกครั้งเมื่อเดือนเมษายน ปี 1991 หลังจากที่การปกครองของคอมมิวนิสต์ภายหลังสงครามสิ้นสุดลง และมีการใช้ระบบเศรษฐกิจแบบตลาดเสรีอีกครั้ง
5733834ed058e614000b5c29,374,"ตลาดหลักทรัพย์แห่งแรกของวอร์ซอว์ก่อตั้งขึ้นในปี 1817 โดยทำการซื้อขายหลักทรัพย์เรื่อยมาจนถึง สงครามโลกครั้งที่สอง และได้รับการก่อตั้งขึ้นใหม่ใน เดือนเมษายน ปี 1991 หลังจากที่การปกครองของคอมมิวนิสต์ภายหลังสงครามสิ้นสุดลง และมีการใช้ระบบเศรษฐกิจแบบตลาดเสรีอีกครั้ง เมื่อดูจากตัวชี้วัดมากมายแล้ว ปัจจุบันตลาดหลักทรัพย์วอร์ซอว์ (WSE) คือตลาดที่ใหญ่ที่สุดในภูมิภาค โดยมีบริษัทอยู่ในรายชื่อ 374 แห่ง และมีทุนรวมทั้งสิ้น 162,584 ล้านยูโร ณ วันที่ 31 สิงหาคม 2009 ตั้งแต่ปี 1991 จนถึงปี 2000 ตลาดหลักทรัพย์ตั้งอยู่ในอาคารซึ่งก่อนหน้านี้เป็นสำนักงานใหญ่ของ สหพรรคแรงงานโปแลนด์ (PZPR) ซึ่งเป็นเรื่องที่ย้อนแย้งน่าขัน",มีกี่บริษัทที่อยู่ในรายชื่อของตลาดหลักทรัพย์วอร์ซอว์ในเดือนสิงหาคม ปี 2009,"374 บริษัท

(คำตอบนี้มาจากข้อมูลที่ระบุไว้ในบริบทว่า ""มีบริษัทอยู่ในรายชื่อ 374 แห่ง และมีทุนรวมทั้งสิ้น 162,584 ล้านยูโร ณ วันที่ 31 สิงหาคม 2009"")"
5733834ed058e614000b5c2a,สหพรรคแรงงานโปแลนด์,"ตลาดหลักทรัพย์แห่งแรกของวอร์ซอว์ก่อตั้งขึ้นในปี 1817 โดยทำการซื้อขายหลักทรัพย์เรื่อยมาจนถึง สงครามโลกครั้งที่สอง และได้รับการก่อตั้งขึ้นใหม่ใน เดือนเมษายน ปี 1991 หลังจากที่การปกครองของคอมมิวนิสต์ภายหลังสงครามสิ้นสุดลง และมีการใช้ระบบเศรษฐกิจแบบตลาดเสรีอีกครั้ง เมื่อดูจากตัวชี้วัดมากมายแล้ว ปัจจุบันตลาดหลักทรัพย์วอร์ซอว์ (WSE) คือตลาดที่ใหญ่ที่สุดในภูมิภาค โดยมีบริษัทอยู่ในรายชื่อ 374 แห่ง และมีทุนรวมทั้งสิ้น 162,584 ล้านยูโร ณ วันที่ 31 สิงหาคม 2009 ตั้งแต่ปี 1991 จนถึงปี 2000 ตลาดหลักทรัพย์ตั้งอยู่ในอาคารซึ่งก่อนหน้านี้เป็นสำนักงานใหญ่ของ สหพรรคแรงงานโปแลนด์ (PZPR) ซึ่งเป็นเรื่องที่ย้อนแย้งน่าขัน",ตลาดหลักทรัพย์วอร์ซอว์ตั้งอยู่ในอดีตสำนักงานใหญ่ของใครจนกระทั่งปี 2000,สหพรรคแรงงานโปแลนด์ (PZPR) จนถึงปี 2000
56dde1d966d3e219004dad8d,รอลโล,ก่อนการมาถึงของ รอลโล ประชากรของที่นี่ถือว่าเป็นชาว  “แฟรงก์” ไม่ต่างจากที่ปิคาร์ดีหรือว่าอิล-เดอ-ฟร็องซ์ เลย  ชาวไวกิงผู้เข้ามาตั้งถิ่นฐานในยุคแรก ๆ เริ่มเข้ามาถึงในยุค 880 แต่ถูกแบ่งแยกกันออกไปตามอาณานิคมต่าง ๆ  ในบริเวณหุบเขาแห่งแม่น้ำแซนทางภาคตะวันออก (รูมัวส์และเปอีเดอโคซ์)และในคาบสมุทรโคตองแตงทางภาคตะวันตก และถูกแบ่งแยกโดยเขตการปกครองดั้งเดิมที่เรียกว่าปากี  ที่ซึ่งจำนวนประชากรยังคงเท่าเดิม โดยแทบไม่มีผู้ตั้งถิ่นฐานชาวต่างชาติเลย  พวกพ้องของรอลโลซึ่งเข้ามารุกรานและก่อตั้งนอร์ม็องดีและส่วนต่าง ๆ ของชายฝั่งแอตแลนติก ได้แก่ชาวเดนมาร์ก ชาวนอร์เวย์  ชาวนอร์ส-เกลส์ ชาวไวกิงจากออร์กนีย์ และเป็นไปได้ว่ามีชาวสวีเดน และชาวแองโกล-เดนมาร์กจากแถบเดนลอว์ของอังกฤษ ซึ่งอยู่ภายใต้การควบคุมของชาวนอร์สอีกด้วย,การมาถึงของใครที่ทำให้ผู้ตั้งถิ่นฐานชาวไวกิงมีเอกลักษณ์ร่วมกัน,การมาถึงของชาวไวกิงผู้เข้ามาตั้งถิ่นฐานในยุคแรก ๆ ในปี 880 ทำให้ผู้ตั้งถิ่นฐานชาวไวกิงมีเอกลักษณ์ร่วมกัน
56de0daecffd8e1900b4b595,โดรโก,"ครอบครัวชาวนอร์มันที่โดดเด่นที่สุดสองครอบครัวซึ่งเข้ามาในบริเวณเมดิเตอร์เรเนียน สืบเชื้อสายมาจากตระกูลทันเครดแห่งโอตวิลล์ และตระกูลเดรนกอตซึ่งเป็นตระกูลของเรนัลฟ์ เดรนกอตผู้ได้รับมณฑลอเวอร์ซามาจากดยุคเซอร์เจียสที่ 4 แห่งเนเปิลส์ในปี 1030  ที่นี่เป็นดินแดนที่ซึ่งไม่สลักสำคัญแห่งแรกในภาคใต้ของชาวนอร์มัน  ตระกูลโอตวิลล์ประสบความสำเร็จจนได้รับตำแหน่งเจ้าชายโดยประกาศให้เจ้าชาย ไกวมาร์ที่ 4 แห่งซาเลอร์โนเป็น ""ดยุคแห่งอาปูเลีย ชและคาลาเบรีย""  เขาแต่งตั้ง วิลเลียมแขนเหล็ก  ซึ่งเป็นผู้นำที่ได้รับการรับเลือกให้เป็นเคานต์แห่งเมืองหลวงเมลฟีในทันที  หลังจากนั้นตระกูลเดรนกอตก็ได้ครองนครคาปัว และจักรพรรดิอ็องรีที่สามก็มอบบรรดาศักดิ์อย่างถูกต้องตามกฎหมายให้แก่ โดรโก ผู้นำของตระกูลโอตวิลล์  โดยให้เขาเป็น ""ดูซ์ เอต์ มาจิสเตร์ อิตาเลีย โคเมสก์ นอร์มันโนรุม โตติอุส อาปูเลีย เอต์ คาลาเบรีย"" (""ดยุกและเจ้านายแห่งอิตาลีและเคานต์แห่งชาวนอร์มันทั่วอาปูเลียและ คาลาเบรีย"") ในปี 1047",ผู้นำที่ได้รับมอบบรรดาศักดิ์จากจักรพรรดิอ็องรีที่สามชื่อว่าอะไร,โดรโก
56de0daecffd8e1900b4b596,วิลเลียมแขนเหล็ก,"ครอบครัวชาวนอร์มันที่โดดเด่นที่สุดสองครอบครัวซึ่งเข้ามาในบริเวณเมดิเตอร์เรเนียน สืบเชื้อสายมาจากตระกูลทันเครดแห่งโอตวิลล์ และตระกูลเดรนกอตซึ่งเป็นตระกูลของเรนัลฟ์ เดรนกอตผู้ได้รับมณฑลอเวอร์ซามาจากดยุคเซอร์เจียสที่ 4 แห่งเนเปิลส์ในปี 1030  ที่นี่เป็นดินแดนที่ซึ่งไม่สลักสำคัญแห่งแรกในภาคใต้ของชาวนอร์มัน  ตระกูลโอตวิลล์ประสบความสำเร็จจนได้รับตำแหน่งเจ้าชายโดยประกาศให้เจ้าชาย ไกวมาร์ที่ 4 แห่งซาเลอร์โนเป็น ""ดยุคแห่งอาปูเลีย ชและคาลาเบรีย""  เขาแต่งตั้ง วิลเลียมแขนเหล็ก  ซึ่งเป็นผู้นำที่ได้รับการรับเลือกให้เป็นเคานต์แห่งเมืองหลวงเมลฟีในทันที  หลังจากนั้นตระกูลเดรนกอตก็ได้ครองนครคาปัว และจักรพรรดิอ็องรีที่สามก็มอบบรรดาศักดิ์อย่างถูกต้องตามกฎหมายให้แก่ โดรโก ผู้นำของตระกูลโอตวิลล์  โดยให้เขาเป็น ""ดูซ์ เอต์ มาจิสเตร์ อิตาเลีย โคเมสก์ นอร์มันโนรุม โตติอุส อาปูเลีย เอต์ คาลาเบรีย"" (""ดยุกและเจ้านายแห่งอิตาลีและเคานต์แห่งชาวนอร์มันทั่วอาปูเลียและ คาลาเบรีย"") ในปี 1047",ใครคือเคานต์แห่งเมลฟี,วิลเลียมแขนเหล็ก
